Hospital_Name,Rating,Location,Contact_Number,Opening_Hours,About_Link,Directions_Link,Specialization,Latitude,Longitude
Andhra Hospitals,4.6,"Vijayawada, Andhra Pradesh",0866 257 4757,Open 24 hours,http://www.andhrahospitals.org/,"https://www.google.com/maps/dir//Andhra+Hospitals,+C.V.R.+Complex,+D.NO.+29-14-61,+Sheshadri+Sastry+St,+Governor+Peta,+Vijayawada,+Andhra+Pradesh+520002/data=!4m6!4m5!1m1!4e2!1m2!1m1!1s0x3a35f001c98370bf:0xd9937df63d60f714?sa=X&ved=1t:57443&ictx=111",General,16.5121598,80.6295788
Andhra Hospitals - Bhavanipuram,4.6,"Vijayawada, Andhra Pradesh",0866 241 5757,Open 24 hours,https://andhrahospitals.org/Bhavanipuram,"https://www.google.com/maps/dir//Andhra+Hospitals+-+Bhavanipuram,+ZP+High+School,+Moulangar+Masjid+Rd+Opp,+Bhavanipuram,+Gollapudi,+Vijayawada,+Andhra+Pradesh+521225/data=!4m6!4m5!1m1!4e2!1m2!1m1!1s0x3a35ee4a4ef7f55d:0x9f29a806f12d4795?sa=X&ved=1t:57443&ictx=111",General,16.5353973,80.5844814
RadhaKrishna Neuro - Multispeciality Hospital,4.9,"Tanuku, Andhra Pradesh",080588 05886,Open 24 hours,http://radhakrishnahospitals.in/,"https://www.google.com/maps/dir//RadhaKrishna+Neuro+-+Multispeciality+Hospital,+33-8-1,Rastrapathi+Rd+Opp+Town+Hall+Complex+Rashtrapati+Rd,+7,+south),+Kanchiraju+Street,+Tanuku,+Andhra+Pradesh+534211/data=!4m6!4m5!1m1!4e2!1m2!1m1!1s0x3a37b798dcf48603:0x4887d7de90969c25?sa=X&ved=1t:57443&ictx=111",Neurology,16.7565815,81.6769714
Smart Emergency Hospitals,4.9,"Rajamahendravaram, Andhra Pradesh",0883 244 6666,Open 24 hours,http://smartemergencyhospitals.com/,"https://www.google.com/maps/dir//DNO+77-9-43,+Smart+Emergency+Hospitals,+SEELAM+NOOKA+G+S,+Raju+Rd,+Rajamahendravaram,+Andhra+Pradesh+533103/data=!4m6!4m5!1m1!4e2!1m2!1m1!1s0x3a37a392c0000001:0x7fc3af6bdc9c00bb?sa=X&ved=1t:57443&ictx=111",Emergency,17.0002771,81.7851625
TRINITY HOSPITALS | Multi Specialty Hospital | Emergency | Trauma | General Surgery | Critical Care | Gynaecology | Paediatrics | Neuro Surgery,4.7,"Tadepalligudem, Andhra Pradesh",090911 08108,Open 24 hours,,"https://www.google.com/maps/dir//TRINITY+HOSPITALS+%7C+Multi+Specialty+Hospital+%7C+Emergency+%7C+Trauma+%7C+General+Surgery+%7C+Critical+Care+%7C+Gynaecology+%7C+Paediatrics+%7C+Neuro+Surgery,+BEST+Campus,+K+N+Road,+Pedatadepalli,+Bye-Pass+Junction,+Tadepalligudem,+Andhra+Pradesh+534101/data=!4m6!4m5!1m1!4e2!1m2!1m1!1s0x3a364d16522bc05b:0x5be32858d940965a?sa=X&ved=1t:57443&ictx=111",Multispeciality,48.1936024,-101.32898
SAI HOSPITALS,4.8,"Rajamahendravaram, Andhra Pradesh",083329 87911,Open 24 hours,http://saihospitals.com/,"https://www.google.com/maps/dir//SAI+HOSPITALS,+Middle+Street,+near+Gokavaram+Bus+Stop,+Aryapuram,+Rajamahendravaram,+Andhra+Pradesh+533101/data=!4m6!4m5!1m1!4e2!1m2!1m1!1s0x3a37a40e9d96804b:0x3e63dde15f8f414c?sa=X&ved=1t:57443&ictx=111",General,17.0118475,81.7712929
"Help Hospitals | Multispecialty Hospital In Vijayawada, Andhra Pradesh",4.2,"Vijayawada, Andhra Pradesh",0866 661 5552,Open 24 hours,https://helphospitals.com/,"https://www.google.com/maps/dir//Help+Hospitals+%7C+Multispecialty+Hospital+In+Vijayawada,+Andhra+Pradesh,+MG+Rd,+behind+Victoria+Museum,+Vijayawada,+Andhra+Pradesh+520002/data=!4m6!4m5!1m1!4e2!1m2!1m1!1s0x3a35f0016355816d:0x911bc66aa6088bbd?sa=X&ved=1t:57443&ictx=111",Multispeciality,16.5089016,80.6273562
Lalitha Hospital,4.9,"Tadepalligudem, Andhra Pradesh",091217 54595,Open 24 hours,https://www.facebook.com/lalithahosp,"https://www.google.com/maps/dir//Lalitha+Hospital,+baby+center,+road,+Tadepalligudem,+Andhra+Pradesh+534101/data=!4m6!4m5!1m1!4e2!1m2!1m1!1s0x3a37b5eac1836095:0x6ebe876d53393621?sa=X&ved=1t:57443&ictx=111",General,16.812634,81.5272125
Apple Hospitals,4.6,"Tanuku, Andhra Pradesh",087904 99777,Open 24 hours,http://www.applehospital.in/,"https://www.google.com/maps/dir//Apple+Hospitals,+Railway,+Sthri+Samajam+Rd,+Tanuku,+Andhra+Pradesh+534211/data=!4m6!4m5!1m1!4e2!1m2!1m1!1s0x3a37b7e60bcf8ebb:0x24ef6eca02e250c9?sa=X&ved=1t:57443&ictx=111",General,16.7545959,81.6745171
Unity Hospitals | Multi Speciality Hospital in Vijayawada,4.8,"Vijayawada, Andhra Pradesh",0866 663 3108,Open,https://unityhospitals.co.in/,"https://www.google.com/maps/dir//Unity+Hospitals+%7C+Multi+Speciality+Hospital+in+Vijayawada,+29-5-7,+Cherukupalli+vari+St,+near+Sapthagiri+College,+Governor+Peta,+Vijayawada,+Andhra+Pradesh+520002/data=!4m6!4m5!1m1!4e2!1m2!1m1!1s0x3a35f12207278507:0xc7bec8fdf17a271f?sa=X&ved=1t:57443&ictx=111",Multispeciality,16.5122456,80.6315505
Andhra Hospitals Eluru,4.2,"Eluru, Andhra Pradesh",088122 22272,Open 24 hours,http://www.andhrahospitals.org/,"https://www.google.com/maps/dir//No+23A,+Andhra+Hospitals+Eluru,+8-8,+Bendapudi+Vari+St,+Eluru,+Andhra+Pradesh+534002/data=!4m6!4m5!1m1!4e2!1m2!1m1!1s0x3a3614c910683a17:0xeb61194b7126a0cd?sa=X&ved=1t:57443&ictx=111",General,16.7123182,81.1009435
Andhra Hospital Heart And Brain Institute,4.6,"Vijayawada, Andhra Pradesh",0866 244 2333,Open 24 hours,http://www.andhrahospitals.org/,"https://www.google.com/maps/dir//Andhra+Hospital+Heart+And+Brain+Institute,+tagore+chamber,,+29,+Nakkala+Rd,+Governor+Peta,+Vijayawada,+Andhra+Pradesh+520002/data=!4m6!4m5!1m1!4e2!1m2!1m1!1s0x3a35f0003b121423:0x92a0a427f9d8cf46?sa=X&ved=1t:57443&ictx=111","Cardiology,Neurology",16.510797,80.6319443
"CARE Hospitals, Visakhapatnam | Best Hospital in Vizag",4.6,"Visakhapatnam, Andhra Pradesh",040 6810 6589,Open 24 hours,https://www.carehospitals.com/hospital-detail/care-super-specialty-hospital-ramnagar,"https://www.google.com/maps/dir//CARE+Hospitals,+Visakhapatnam+%7C+Best+Hospital+in+Vizag,+AS+Raja+Complex,+10-50-11%2F5,+Waltair+Main+Rd,+Ram+Nagar,+Visakhapatnam,+Andhra+Pradesh+530002/data=!4m6!4m5!1m1!4e2!1m2!1m1!1s0x3a394315702cc723:0x62489f0d151875b1?sa=X&ved=1t:57443&ictx=111",Multispeciality,17.7203211,83.3128178
Harsha Hospitals | Dr. K. Aruna Kumari | Gynaecologist and IVF specialist | DR K S S PRASAD PLASTIC SURGEON | RAJAHMUNDRY,3.7,"Rajamahendravaram, Andhra Pradesh",0883 242 2864,Open 24 hours,https://harshahospitalsrjy.com/,"https://www.google.com/maps/dir//Harsha+Hospitals+%7C+Dr.+K.+Aruna+Kumari+%7C+Gynaecologist+and+IVF+specialist+%7C+DR+K+S+S+PRASAD+PLASTIC+SURGEON+%7C+RAJAHMUNDRY,+Prakash+Nagar,+East+Godavari,+Rajamahendravaram,+Andhra+Pradesh+533106/data=!4m6!4m5!1m1!4e2!1m2!1m1!1s0x3a37a3f2983e4c47:0x785256f087ab4946?sa=X&ved=1t:57443&ictx=111",Multispeciality,17.0005383,81.8040345
Sudha Hospital,4,"Tanuku, Andhra Pradesh",083338 33030,Open 24 hours,,"https://www.google.com/maps/dir//No.21,+Sudha+Hospital,+1-4,+Society+Rd,+opp.+Co-operative+Stores,+Tanuku,+Andhra+Pradesh+534211/data=!4m6!4m5!1m1!4e2!1m2!1m1!1s0x3a37b7f03e1f0859:0x7b3931b221596686?sa=X&ved=1t:57443&ictx=111",General,16.757475,81.6813272
Capital Hospitals,4.7,"Vijayawada, Andhra Pradesh",085285 19999,Open 24 hours,http://www.capitalhospitals.in/,"https://www.google.com/maps/dir//Capital+Hospitals,+15-117%2F1,+Vijayawada+Rd,+Poranki,+Vijayawada,+Andhra+Pradesh+521137/data=!4m6!4m5!1m1!4e2!1m2!1m1!1s0x3a35fb73aaaaaaab:0xe9c425737a0452ad?sa=X&ved=1t:57443&ictx=111",General,16.4777588,80.7016162
"Kamineni Hospitals, Vijayawada",4.7,"Vijayawada, Andhra Pradesh",0866 246 3333,Open 24 hours,https://kaminenihospitals.com/vijayawada,"https://www.google.com/maps/dir//GP23%2B933+Kamineni+Hospitals,+Vijayawada,+100+Feet+New+Autonagar+Road,+Main,+Road,+Tadigadapa,+Poranki,+Vijayawada,+Andhra+Pradesh+521137/data=!4m6!4m5!1m1!4e2!1m2!1m1!1s0x3a35fb410b478745:0x15b31dcfb33e7c94?sa=X&ved=1t:57443&ictx=111",Multispeciality,16.4965733,80.7028076
Aster Ramesh Hospitals,4.8,"Guntur, Andhra Pradesh",0863 237 7777,Open 24 hours,https://www.asterhospitals.in/aster-ramesh-hospitals,"https://www.google.com/maps/dir//Aster+Ramesh+Hospitals,+Collector+Office+Rd,+Beside+Hindu+College+Grounds,+Nagarampalem,+Guntur,+Andhra+Pradesh+522004/data=!4m6!4m5!1m1!4e2!1m2!1m1!1s0x3a4a7541dfb7c1e3:0x7ec1d2166ad7d7b8?sa=X&ved=1t:57443&ictx=111",Multispeciality,16.2931358,80.4425026
Vaishnavi Multispecialty Hospitals - Tadepalligudem | Best Multispecialty Hospital In Tadepalligudem,4.8,"Tadepalligudem, Andhra Pradesh",099126 93720,Open 24 hours,https://vaishnavihospitals.com/,"https://www.google.com/maps/dir//Vaishnavi+Multispecialty+Hospitals+-+Tadepalligudem+%7C+Best+Multispecialty+Hospital+In+Tadepalligudem,+Railway+Station+Road,+near+BSNL+Office,+Tadepalligudem,+Andhra+Pradesh+534101/data=!4m6!4m5!1m1!4e2!1m2!1m1!1s0x3a37b4b892757fb1:0xe0df09315b8197e7?sa=X&ved=1t:57443&ictx=111",Multispeciality,16.8095804,81.5301519
Aayush Hospitals,4.2,"Vijayawada, Andhra Pradesh",096039 29292,Open 24 hours,http://www.aayushhospitals.com/,"https://www.google.com/maps/dir//Aayush+Hospitals,+48-13-3+3A+Ring+Road+Opp.Siddhartha+Medical+College,+Sri+Ramachandra+Nagar,+Vijayawada,+Andhra+Pradesh+520008/data=!4m6!4m5!1m1!4e2!1m2!1m1!1s0x3a35e52a588982d3:0x347b24cb13754346?sa=X&ved=1t:57443&ictx=111",General,16.5175898,80.6750195
Aarogya Hospital,4.9,"Tanuku, Andhra Pradesh",Not Available,Open 24 hours,,"https://www.google.com/maps/dir//Aarogya+Hospital,+Besides+of+SBI,+38-35-2%2F2+Peyyeti,+Dola+Vari+St,+Branch,+Sajjapuram,+Tanuku,+Andhra+Pradesh+534211/data=!4m6!4m5!1m1!4e2!1m2!1m1!1s0x3a37b70fc7f1f9f5:0x633c1357f8270c29?sa=X&ved=1t:57443&ictx=111",General,16.7562999,81.6765157
Medicover Hospitals | Best Multi-speciality Hospital in Vizag,4.5,"Visakhapatnam, Andhra Pradesh",040 6833 4455,Open 24 hours,https://www.medicoverhospitals.in/hospitals/andhra-pradesh/visakhapatnam-mvp,"https://www.google.com/maps/dir//Medicover+Hospitals+%7C+Best+Multi-speciality+Hospital+in+Vizag,+Door+No-+1-1-83,+New+Venkojipalem+MVP+sector+6,+NH16,+near+Hp+Petrol+Bunk,+Visakhapatnam,+Andhra+Pradesh+530022/data=!4m6!4m5!1m1!4e2!1m2!1m1!1s0x3a395dd7d9ba1013:0xd413318d7391f81b?sa=X&ved=1t:57443&ictx=111",Multispeciality,17.7475491,83.3314338
Andhra Hospitals Machilipatnam,4.3,"Machilipatnam, Andhra Pradesh",086722 21199,Open 24 hours,,"https://www.google.com/maps/dir//Andhra+Hospitals+Machilipatnam,+D.NO.+124%26125,+RAJU+PET+MACHILIPATNAM,+Azad+Rd,+Machilipatnam,+Andhra+Pradesh+521001/data=!4m6!4m5!1m1!4e2!1m2!1m1!1s0x3a49e7cf85eaca5b:0xa1c88fb392a3b97c?sa=X&ved=1t:57443&ictx=111",General,16.17621,81.125215
AVIDEEP MOTHER AND CHILDREN HOSPITAL,4.9,"Tadepalligudem, Andhra Pradesh",099599 58453,Open 24 hours,,"https://www.google.com/maps/dir//AVIDEEP+MOTHER+AND+CHILDREN+HOSPITAL,+Railway+Station+Rd,+Railway+Colony,+Tadepalligudem,+Andhra+Pradesh+534101/data=!4m6!4m5!1m1!4e2!1m2!1m1!1s0x3a37b583c2ebcee3:0x8e9779179f17836d?sa=X&ved=1t:57443&ictx=111","Women's Health,Child's Health",16.8104995,81.5293187
Sri star hospital,4.7,"Tadepalligudem, Andhra Pradesh",099662 55955,Open 24 hours,,"https://www.google.com/maps/dir//Sri+star+hospital,+Ramarao+Peta,+Tadepalligudem,+Andhra+Pradesh+534101/data=!4m6!4m5!1m1!4e2!1m2!1m1!1s0x3a37b5d98b637685:0xebb7fe8d7d188044?sa=X&ved=1t:57443&ictx=111",General,16.812739,81.5248629
Sree KrishnaVeni Hospital,4.8,"Tadepalligudem, Andhra Pradesh",Not Available,Open 24 hours,,"https://www.google.com/maps/dir//Sree+KrishnaVeni+Hospital,+3-2-6%2F1D,+Koti+Bomma+Center+Rd,+Subbaraopet,+Tadepalligudem,+Andhra+Pradesh+534101/data=!4m6!4m5!1m1!4e2!1m2!1m1!1s0x3a37b5b403c208a1:0xe3a77e3b8be4c07?sa=X&ved=1t:57443&ictx=111",General,16.8163032,81.5266601
Sri Srinivasa Hospitals,4.9,"Tadepalligudem, Andhra Pradesh",088182 20889,Opens soon,,"https://www.google.com/maps/dir//Sri+Srinivasa+Hospitals,+Ambedkar+Nagar,+Tadepalligudem,+Andhra+Pradesh+534101/data=!4m6!4m5!1m1!4e2!1m2!1m1!1s0x3a37b4b1fa3e42c7:0x74111907eaa5cf38?sa=X&ved=1t:57443&ictx=111",General,16.8190763,81.5216801
Sri Sahithi Krishna Hospital,4.1,"Tadepalligudem, Andhra Pradesh",Not Available,Open 24 hours,,"https://www.google.com/maps/dir//Sri+Sahithi+Krishna+Hospital,+Kadakatla,+Gogulamma,+Shiva+Temple+Road,+Tadepalligudem,+Andhra+Pradesh+534101/data=!4m6!4m5!1m1!4e2!1m2!1m1!1s0x3a37b4b188fd4fa3:0x21c3e0baf820f10?sa=X&ved=1t:57443&ictx=111",General,16.8194699,81.5166299
Imperial Hospitals,4.6,"Bhimavaram, Andhra Pradesh",088162 79999,Open 24 hours,https://imperialhospitals.net/,"https://www.google.com/maps/dir//Imperial+Hospitals,+Sivaraopeta,+Balusumoodi,+Bhimavaram,+Andhra+Pradesh+534202/data=!4m6!4m5!1m1!4e2!1m2!1m1!1s0x3a362d5409f59f67:0x869819b4e3a2856?sa=X&ved=1t:57443&ictx=111",Multispeciality,16.5427677,81.5129294
NEOKIDZ HOSPITAL,4.9,"Tadepalligudem, Andhra Pradesh",081435 03766,Open,,"https://www.google.com/maps/dir//NEOKIDZ+HOSPITAL,+H+no+3-19-9%2F1,bhashyam+school+road,+beside+RTC+complex,+behind+sai+Sanjeevani+hospital,+bhupal+Nagar,+Tadepalligudem,+Andhra+Pradesh+534101/data=!4m6!4m5!1m1!4e2!1m2!1m1!1s0x3a37b53806e42af7:0x1e24eb2f6e8f9724?sa=X&ved=1t:57443&ictx=111",Pediatrics,16.8072523,81.5316033
JMR Super Speciality Hospital,4.9,"Eluru, Andhra Pradesh",095344 88888,Open,https://jmrhospitals.com/,"https://www.google.com/maps/dir//JMR+Super+Speciality+Hospital,+D.no:+23B-5-46,+Eedaravari+street,+near+alluri+sitaramaraju+statue,+near+AP+state+Audit+office,+Ramachandra+Rao+Pet,+Eluru,+Andhra+Pradesh+534002/data=!4m6!4m5!1m1!4e2!1m2!1m1!1s0x3a3615ec2c04b83b:0x73147510db6fdf93?sa=X&ved=1t:57443&ictx=111",Multispeciality,16.7157443,81.1022597
Asram General & Super Speciality Hospital,3.6,"Eluru, Andhra Pradesh",088122 88299,Open 24 hours,http://www.asram.in/,"https://www.google.com/maps/dir//Asram+General+%26+Super+Speciality+Hospital,+NH+5,+Asram+Road,+West+Godavari+District,+Eluru,+Eluru,+Andhra+Pradesh+534005/data=!4m6!4m5!1m1!4e2!1m2!1m1!1s0x3a366ab8f620fbb5:0xc457b03853e3e086?sa=X&ved=1t:57443&ictx=111",General,16.7369913,81.1477027
Medicover Hospitals | Best Multi-speciality Hospital in Kakinada,4.8,"Kakinada, Andhra Pradesh",040 6833 4455,Open 24 hours,https://www.medicoverhospitals.in/hospitals/andhra-pradesh/kakinada,"https://www.google.com/maps/dir//Medicover+Hospitals+%7C+Best+Multi-speciality+Hospital+in+Kakinada,+ADB+Rd,+near+Achampet+Junction,+Kakinada,+Andhra+Pradesh+533005/data=!4m6!4m5!1m1!4e2!1m2!1m1!1s0x3a3829ea206e370f:0xf8ba5df62f3a943?sa=X&ved=1t:57443&ictx=111",Multispeciality,17.02431,82.232311
Eluru hospital,4.7,"Eluru, Andhra Pradesh",088122 31333,Open,,"https://www.google.com/maps/dir//Eluru+hospital,+Hospital,+Near,+Shop+No+9,+Balusuvari+Street,+Eluru,+Andhra+Pradesh+534002/data=!4m6!4m5!1m1!4e2!1m2!1m1!1s0x3a3614cfdb3b7bdf:0x5927306b77fb340d?sa=X&ved=1t:57443&ictx=111",General,16.7107279,81.1081327
Manipal Hospital Vijayawada,4.8,"Vijayawada, Andhra Pradesh",1800 102 4647,Open 24 hours,https://www.manipalhospitals.com/vijayawada/?utm_source=Organic&utm_medium=GMB+Organic&utm_campaign=Vijayawada+Hospital+GMB,"https://www.google.com/maps/dir//Manipal+Hospital+Vijayawada,+Manipal+Hospital+Vijayawada+%23+12-570,+near,+Kanakadurga+Varadhi,+Tadepalle,+Vijayawada,+Andhra+Pradesh+522501/data=!4m6!4m5!1m1!4e2!1m2!1m1!1s0x3a35f06c6aeb71a3:0x459c4b794090a54b?sa=X&ved=1t:57443&ictx=111",Multispeciality,16.4844754,80.6169548
BEST Super Speciality Hospital - Vijayawada,5,"Vijayawada, Andhra Pradesh",083677 22722,Open 24 hours,https://www.bestsuperspeciality.com/,"https://www.google.com/maps/dir//BEST+Super+Speciality+Hospital+-+Vijayawada,+33-26-1,+Mogalirajpuram,+Kasturibaipet,+Suryaraopeta,+Vijayawada,+Andhra+Pradesh+520002/data=!4m6!4m5!1m1!4e2!1m2!1m1!1s0x3a35fb175ec2226b:0x44550da6f2120e6a?sa=X&ved=1t:57443&ictx=111",Multispeciality,16.5100628,80.6392955
Arjun Hospitals,4.5,"Tadepalligudem, Andhra Pradesh",Not Available,Open 24 hours,http://www.arjunhospitals.com/,"https://www.google.com/maps/dir//Arjun+Hospitals,+Oppo.+Sri+Sri+dental,+Dr,+Prasad+Hospital+Road,+Subbaraopet,+Tadepalligudem,+Andhra+Pradesh+534101/data=!4m6!4m5!1m1!4e2!1m2!1m1!1s0x3a37b5646f71b893:0xecc661c50bae704f?sa=X&ved=1t:57443&ictx=111",General,16.8164491,81.5258233
Medicover Hospitals | Best Multi-speciality Hospital in Nellore,4.9,"Nellore, Andhra Pradesh",040 6833 4455,Open 24 hours,https://www.medicoverhospitals.in/hospitals/andhra-pradesh/nellore/?utm_source=GMB&utm_medium=organic&utm_campaign=Nellore,"https://www.google.com/maps/dir//Medicover+Hospitals+%7C+Best+Multi-speciality+Hospital+in+Nellore,+NH-5,+Chinthareddypalem+Cross+road,+Alahari+Nagar,+Chintareddy+Palem,+Nellore,+Andhra+Pradesh+524002/data=!4m6!4m5!1m1!4e2!1m2!1m1!1s0x3a4cf2e5067a0f8b:0x7f6e3f5235b98d31?sa=X&ved=1t:57443&ictx=111",Multispeciality,14.4332368,79.9964455
Sai Swetha Super Speciality Hospital,3.3,"Tanuku, Andhra Pradesh",082971 99968,Open 24 hours,,"https://www.google.com/maps/dir//Sai+Swetha+Super+Speciality+Hospital,+Sai+Swetha+Bulding,+Door+No.+16-18-2,+Vinoukondavari+Street,+Opp.+Women's+College+D-2+Electrical+Sub-Station,+Vinoukondavari+Street,+Venkatarayapuram,+Tanuku,+Andhra+Pradesh+534211/data=!4m6!4m5!1m1!4e2!1m2!1m1!1s0x3a37b7fb947eee19:0xf3b96b4e6dca767f?sa=X&ved=1t:57443&ictx=111",Multispeciality,16.751443,81.6840539
LIFE HOSPITAL,4.7,"Tanuku, Andhra Pradesh",Not Available,Closes soon,,"https://www.google.com/maps/dir//LIFE+HOSPITAL,+Venkatarayapuram,+Tanuku,+Andhra+Pradesh+534211/data=!4m6!4m5!1m1!4e2!1m2!1m1!1s0x3a37b7faedb6ac81:0x37b5a379caa9dce7?sa=X&ved=1t:57443&ictx=111",General,16.7577961,81.6833439
Mother Vannini Hospital.,4.1,"Tadepalligudem, Andhra Pradesh",088182 44950,Open now,http://mothervanninihospital.com/ho.php,"https://www.google.com/maps/dir//RGJ6%2B86M+Mother+Vannini+Hospital.,+SH+42,+Housing+Board+Colony,+Tadepalligudem,+Andhra+Pradesh+534101/data=!4m6!4m5!1m1!4e2!1m2!1m1!1s0x3a364b55ff3b792d:0xb072887aba155173?sa=X&ved=1t:57443&ictx=111",General,16.8308393,81.5105538
Medicover Hospitals | Best Women & Child Hospital in Vizag,4.8,"Visakhapatnam, Andhra Pradesh",040 6833 4455,Open 24 hours,https://www.medicoverhospitals.in/hospitals/andhra-pradesh/woman-and-child-visakhapatnam/?utm_source=GMB&utm_medium=organic&utm_campaign=Vizag-woman-and-child,"https://www.google.com/maps/dir//Medicover+Hospitals+%7C+Best+Women+%26+Child+Hospital+in+Vizag,+18-1-3,+KGH+Down+Rd,+Besides+Lepakshi+Handicrafts,+Jagadamba+Junction,+Visakhapatnam,+Andhra+Pradesh+530002/data=!4m6!4m5!1m1!4e2!1m2!1m1!1s0x3a39431af2240591:0x99d91dc7908c88a1?sa=X&ved=1t:57443&ictx=111","Women's Health,Child's Health",17.7113505,83.3023862
Government Area Hospital.,3.7,"Tadepalligudem, Andhra Pradesh",Not Available,Open 24 hours,,"https://www.google.com/maps/dir//RGCQ%2BMFQ+Government+Area+Hospital.,+Chetla+Road,+Karri+Satyavathi+Nagar,+Tadepalligudem,+Andhra+Pradesh+534101/data=!4m6!4m5!1m1!4e2!1m2!1m1!1s0x3a37b498148241ed:0x1780973b6302132?sa=X&ved=1t:57443&ictx=111",General,22.5155027,88.3346862
Q1 Dental Hospital,4.7,"Visakhapatnam, Andhra Pradesh",072869 22229,Open,,"https://www.google.com/maps/dir//Q1+Dental+Hospital,+Health+City,+Arilova,+Visakhapatnam,+Andhra+Pradesh+530040/data=!4m6!4m5!1m1!4e2!1m2!1m1!1s0x3a395cb90baaaac7:0xed9c2234c58c56fe?sa=X&ved=1t:57443&ictx=111",Dental,17.7622638,83.3081874
Sri Daneswari Chest Speciality Hospital,4.8,"Tanuku, Andhra Pradesh",088192 22077,Open,,"https://www.google.com/maps/dir//Sri+Daneswari+Chest+Speciality+Hospital,+Tangirala+vari+street,+near+Government+hospital,+Tanuku,+Andhra+Pradesh+534211/data=!4m6!4m5!1m1!4e2!1m2!1m1!1s0x3a37b7fa1f9d088b:0x3739085601ce2837?sa=X&ved=1t:57443&ictx=111","Chest,Multispeciality",16.754773,81.685523
Ramesh Hospitals,4.8,"Vijayawada, Andhra Pradesh",0866 246 3463,Open now,https://www.asterhospitals.in/aster-ramesh-hospitals,"https://www.google.com/maps/dir//Ramesh+Hospitals,+Dr+Ramesh+Hospital+Rd,+near+ITI+College+Bus+stop,+Vijayawada,+Andhra+Pradesh+520008/data=!4m6!4m5!1m1!4e2!1m2!1m1!1s0x3a35fac9ec7fa4cd:0x1c924aa928c94414?sa=X&ved=1t:57443&ictx=111",General,16.5057451,80.6602215
Vijaya Super Speciality Hospital,4.5,"Vijayawada, Andhra Pradesh",094401 44477,Open 24 hours,http://www.vijayahospitals.com/,"https://www.google.com/maps/dir//Vijaya+Super+Speciality+Hospital,+29-26-92A,+Bolivar+Street,+Suryaraopeta,+Vijayawada,+Andhra+Pradesh+520002/data=!4m6!4m5!1m1!4e2!1m2!1m1!1s0x3a35e554b09d0763:0x666aa72723eae1e8?sa=X&ved=1t:57443&ictx=111",Multispeciality,16.5136902,80.6372766
Universal Hospitals Rajahmundry,4.9,"Rajamahendravaram, Andhra Pradesh",0883 255 5533,Open 24 hours,http://www.universalhospitals.co.in/,"https://www.google.com/maps/dir//Universal+Hospitals+Rajahmundry,+76-1-14,+Rajahmundry+Rd,+opposite+HP+gas,+Danavai+Peta,+Rajamahendravaram,+Andhra+Pradesh+533103/data=!4m6!4m5!1m1!4e2!1m2!1m1!1s0x3a37a54f84377683:0xa45bcce2109b9db6?sa=X&ved=1t:57443&ictx=111",General,17.0062189,81.7860335
"Rajarshi Hospitals, Bhimavaram",4.9,"Bhimavaram, Andhra Pradesh",073824 37888,Open 24 hours,http://www.rajarshihospitals.com/,"https://www.google.com/maps/dir//HG35%2B5H3+Rajarshi+Hospitals,+Bhimavaram,+sri+Mavulamma+Ammavari+complex,+2-15-30,+Undi+Rd,+Narasimhapuram,+Bhimavaram,+Andhra+Pradesh+534206/data=!4m6!4m5!1m1!4e2!1m2!1m1!1s0x3a36330420c995e3:0xcce560367f9c575e?sa=X&ved=1t:57443&ictx=111",General,16.5528193,81.5090424
Yashoda hospital,3.6,"Tadepalligudem, Andhra Pradesh",088182 26622,Open,,"https://www.google.com/maps/dir//RG8F%2BQVF+Yashoda+hospital,+Subbaraopet,+Tadepalligudem,+Andhra+Pradesh+534101/data=!4m6!4m5!1m1!4e2!1m2!1m1!1s0x3a37b4b05877644d:0xfbe78041f1f10e58?sa=X&ved=1t:57443&ictx=111",General,16.8169401,81.5246651
Area Hospital,3.7,"Tanuku, Andhra Pradesh",088192 22175,Open 24 hours,,"https://www.google.com/maps/dir//Area+Hospital,+Rastrapathi+Road,+Dist,+near+ZPHS+High+School,+Tanuku,+Andhra+Pradesh+534211/data=!4m6!4m5!1m1!4e2!1m2!1m1!1s0x3a37b7fa3d97b45f:0x910421b21b58297b?sa=X&ved=1t:57443&ictx=111",General,16.7544778,81.6846398
Trinity Hospital Polyclinic,4.2,"Tadepalligudem, Andhra Pradesh",090911 08108,Open,,"https://www.google.com/maps/dir//Trinity+Hospital+Polyclinic,+Tadepalligudem+-+Nallajerla+Rd,+Housing+Board+Colony,+Tadepalligudem,+Andhra+Pradesh+534101/data=!4m6!4m5!1m1!4e2!1m2!1m1!1s0x3a37b5cd69f10d69:0x4b501d940993eb6b?sa=X&ved=1t:57443&ictx=111",General,16.821253,81.5197709
"Aayush Hospitals, Eluru",4.7,"Eluru, Andhra Pradesh",088122 27755,Open 24 hours,http://www.aayushhospitals.com/,"https://www.google.com/maps/dir//Aayush+Hospitals,+Eluru,+Ashok+Nagar,+Eluru,+Andhra+Pradesh+534002/data=!4m6!4m5!1m1!4e2!1m2!1m1!1s0x3a366b41cdeb68a3:0xfd280080267522b?sa=X&ved=1t:57443&ictx=111",General,16.7201937,81.0921321
Medicover Hospitals | Best Multi-speciality Hospital in Srikakulam,4.8,"Srikakulam, Andhra Pradesh",040 6833 4455,Open 24 hours,https://www.medicoverhospitals.in/hospitals/andhra-pradesh/srikakulam/?utm_source=GMB&utm_medium=organic&utm_campaign=Srikakulam,"https://www.google.com/maps/dir//Medicover+Hospitals+%7C+Best+Multi-speciality+Hospital+in+Srikakulam,+MDR6,+Byrivanipeta,+Srikakulam,+Andhra+Pradesh+532005/data=!4m6!4m5!1m1!4e2!1m2!1m1!1s0x3a3c15d120be54db:0x1a9d447863f61003?sa=X&ved=1t:57443&ictx=111",Multispeciality,18.3045725,83.876896
SWATHI HOSPITALS 24/7 Emergency,4.5,"Nidadavole, Andhra Pradesh",094910 52787,Open 24 hours,,"https://www.google.com/maps/dir//SWATHI+HOSPITALS+24%2F7+Emergency,+No-10-1-4C,+Radha+Krishna+Theater+Road,+near+Seetharama+Lakshmi+Enclave,+Nidadavole,+Andhra+Pradesh+534301/data=!4m6!4m5!1m1!4e2!1m2!1m1!1s0x3a37b1edf7149235:0xc5e4cd59683f8a7b?sa=X&ved=1t:57443&ictx=111",Emergency,16.8994068,81.6712973
Pranavi nursing home,4.1,"Tadepalligudem, Andhra Pradesh",088182 24333,Open 24 hours,,"https://www.google.com/maps/dir//Pranavi+nursing+home,+dhulipala+vari+street+,subba+rao+peta,+beside+Dr.+jhansi+rani+hospital,+Tadepalligudem,+Andhra+Pradesh+534101/data=!4m6!4m5!1m1!4e2!1m2!1m1!1s0x3a37b4bbc0174529:0xb6a6d73660883a88?sa=X&ved=1t:57443&ictx=111",General,16.815628,81.530831
Sri Supraja Hospital,3.7,"Tanuku, Andhra Pradesh",086397 37730,Open 24 hours,,"https://www.google.com/maps/dir//Sri+Supraja+Hospital,+Bommala+Veedi,+chivara,+Bank+colony,+Tanuku,+Andhra+Pradesh+534211/data=!4m6!4m5!1m1!4e2!1m2!1m1!1s0x3a37b76ccf804133:0x8d6f80e2ce4bda7e?sa=X&ved=1t:57443&ictx=111",General,16.7516025,81.6790883
Sri Renuka Hospital,5,"Tadepalligudem, Andhra Pradesh",088182 22300,Open,,"https://www.google.com/maps/dir//RG4H%2B4FM+Sri+Renuka+Hospital,+Vemana+Vari+Veedhi,+Venkatasubbayya+Colony,+Tadepalligudem,+Andhra+Pradesh+534101/data=!4m6!4m5!1m1!4e2!1m2!1m1!1s0x3a37b4c64d20898b:0x634defa600ee4b6b?sa=X&ved=1t:57443&ictx=111",General,16.8053268,81.5286666
KAMALA HOSPITALS,4.3,"Tadepalligudem, Andhra Pradesh",Not Available,Open,,"https://www.google.com/maps/dir//KAMALA+HOSPITALS,+Dr+Venkatratnam+Hospital+Rd,+Subbaraopet,+Tadepalligudem,+Andhra+Pradesh+534101/data=!4m6!4m5!1m1!4e2!1m2!1m1!1s0x3a37b4b09816f5c1:0xb54db710829f7c19?sa=X&ved=1t:57443&ictx=111",General,16.8155323,81.5261746
Sri Vaibhav Hospital,3.3,Andhra Pradesh,088182 29335,Open,,"https://www.google.com/maps/dir//Sri+Vaibhav+Hospital,+Tadepalligudem+534101+Head+Post+Office+Road,+J+Ramarao+Peta,near+More+Super+Market+Tadapalligudem,+Andhra+Pradesh+534101/data=!4m6!4m5!1m1!4e2!1m2!1m1!1s0x3a37b4b0de5091a5:0xd60805c9b3c43a7f?sa=X&ved=1t:57443&ictx=111",General,16.814911,81.524084
"Sri Krishna Hospital,Tanuku",4.3,"Tanuku, Andhra Pradesh",093932 41077,Open,,"https://www.google.com/maps/dir//Sri+Krishna+Hospital,Tanuku,+Unnamed+Road,+Venkatarayapuram,+Tanuku,+Andhra+Pradesh+534211/data=!4m6!4m5!1m1!4e2!1m2!1m1!1s0x3a37b73f3129755f:0xe8f74b473dd4e156?sa=X&ved=1t:57443&ictx=111",General,16.7571292,81.6845408
RR hospital,4.2,"Tadepalligudem, Andhra Pradesh",088182 28777,Open 24 hours,,"https://www.google.com/maps/dir//RR+hospital,+Behind+venkateswara+temple,+opposite+RTC+Depot,+Tadepalligudem,+Andhra+Pradesh+534101/data=!4m6!4m5!1m1!4e2!1m2!1m1!1s0x3a37b4b1f25775cb:0xe8af6df7171ceaed?sa=X&ved=1t:57443&ictx=111",General,16.818447,81.521794
Medicover Hospitals | Best Multi-speciality Hospital in Vizianagaram,4.9,"Vizianagaram, Andhra Pradesh",040 6833 4455,Open 24 hours,https://www.medicoverhospitals.in/hospitals/andhra-pradesh/vizianagaram/,"https://www.google.com/maps/dir//Medicover+Hospitals+%7C+Best+Multi-speciality+Hospital+in+Vizianagaram,+PRS+Complex,+Tirumala+Hospital+Rd,+near+R.T.C.+Complex,+Vizianagaram,+Andhra+Pradesh+535003/data=!4m6!4m5!1m1!4e2!1m2!1m1!1s0x3a3be547be991719:0x21cecca15b6053b2?sa=X&ved=1t:57443&ictx=111",Multispeciality,18.1066576,83.3955506
Harini Hospitals - Best Gastroenterologist & Liver care center in vijayawada | Gastroenterologist In Andhra Pradesh,4.9,"Vijayawada, Andhra Pradesh",098480 44404,Open 24 hours,https://www.harinihospitals.com/,"https://www.google.com/maps/dir//%23+29,+Harini+Hospitals+-+Best+Gastroenterologist+%26+Liver+care+center+in+vijayawada+%7C+Gastroenterologist+In+Andhra+Pradesh,+14-51,+Prakasam+Rd,+near+Pushpa+Hotel+Center,+Suryaraopeta,+Labbipet,+Vijayawada,+Andhra+Pradesh+520002/data=!4m6!4m5!1m1!4e2!1m2!1m1!1s0x3a35faab901f33b1:0x1aed3fc951e742f6?sa=X&ved=1t:57443&ictx=111",Multispeciality,16.5061743,80.6480153
Sri Venkateswara Hospital,5,"Venkatramannagudem, Andhra Pradesh",096664 43008,Open 24 hours,,"https://www.google.com/maps/dir//VFH9%2BG5R+Sri+Venkateswara+Hospital,+Tadepalligudem+-+Nallajerla+Rd,+Venkatramannagudem,+Andhra+Pradesh+534112/data=!4m6!4m5!1m1!4e2!1m2!1m1!1s0x3a364dab0a6e85eb:0x6cfa816530edcb4a?sa=X&ved=1t:57443&ictx=111",General,16.8788524,81.4678912
LIFE HOSPITAL,4.7,"Tanuku, Andhra Pradesh",Not Available,Closed,,"https://www.google.com/maps/dir//LIFE+HOSPITAL,+Venkatarayapuram,+Tanuku,+Andhra+Pradesh+534211/data=!4m6!4m5!1m1!4e2!1m2!1m1!1s0x3a37b7faedb6ac81:0x37b5a379caa9dce7?sa=X&ved=1t:57443&ictx=111",General,16.7577961,81.6833439
Krishnam Raju Hospital,4.9,Andhra Pradesh,Not Available,Open,,"https://www.google.com/maps/dir//RH4P%2BGXR+Krishnam+Raju+Hospital,+Alampuram+Rd,+Andhra+Pradesh+534146/data=!4m6!4m5!1m1!4e2!1m2!1m1!1s0x3a37b43c1f5740e9:0x56082b27d8bc82aa?sa=X&ved=1t:57443&ictx=111",General,16.806366,81.587381
Sunkesula Multi Speciality Hospital,3.6,"Nallajerla, Andhra Pradesh",Not Available,Open 24 hours,,"https://www.google.com/maps/dir//XC27%2B2RW+Sunkesula+Multi+Speciality+Hospital,+West+Godavari+NH-5,+Eluru,+Rajahmundry+Rd,+Nallajerla,+Andhra+Pradesh+534112/data=!4m6!4m5!1m1!4e2!1m2!1m1!1s0x3a36519187698765:0x85c320f52126cc75?sa=X&ved=1t:57443&ictx=111",Multispeciality,16.9501919,81.4145574
CHANAKYA CHILDREN’S HOSPITAL,4.9,"Tadepalligudem, Andhra Pradesh",091774 38323,Open 24 hours,,"https://www.google.com/maps/dir//CHANAKYA+CHILDREN%E2%80%99S+HOSPITAL,+D:NO+:+2-9-16,+Opp:+Nandhi+Bomma+Centre,+beside+Baby+Centre,+Tadepalligudem,+Andhra+Pradesh+534101/data=!4m6!4m5!1m1!4e2!1m2!1m1!1s0x3a37b5cfa15ec7b7:0xc835ee9cdcdd97be?sa=X&ved=1t:57443&ictx=111",Pediatrics,16.8126815,81.528571
VIRRD Trust Hospital,4.5,"Timmapuram, Andhra Pradesh",088292 71177,Closed,https://virrd.com/,"https://www.google.com/maps/dir//VIRRD+Trust+Hospital,+Bhimadole+-+Dwaraka+Tirumala+Rd,+Timmapuram,+Andhra+Pradesh+534426/data=!4m6!4m5!1m1!4e2!1m2!1m1!1s0x3a365ca0b610fea9:0xb87f05ac69fadf3a?sa=X&ved=1t:57443&ictx=111",General,16.9319956,81.2503476
Prasad hospitals,4.1,"Tadepalligudem, Andhra Pradesh",088182 21379,Open,,"https://www.google.com/maps/dir//Prasad+hospitals,+Prasad+Hospital+Road,+Subbaraopet,+Tadepalligudem,+Andhra+Pradesh+534101/data=!4m6!4m5!1m1!4e2!1m2!1m1!1s0x3a37b4b08ffcf327:0x8c9607b4d0e1b4d0?sa=X&ved=1t:57443&ictx=111",General,16.8162888,81.5259955
Union Hospital - Tadepalligudem,3.8,"Tadepalligudem, Andhra Pradesh",Not Available,Open 24 hours,,"https://www.google.com/maps/dir//Union+Hospital+-+Tadepalligudem,+Mohan+Reddy+Gangadhar+Towers,+Vidiyala+Vari+Veedhi,+Subbaraopet,+Tadepalligudem,+Andhra+Pradesh+534101/data=!4m6!4m5!1m1!4e2!1m2!1m1!1s0x3a37b50dadc6712d:0x7f563c21f7f16a4e?sa=X&ved=1t:57443&ictx=111",General,16.8156125,81.5293419
Venkata ratnam Hospital,4.1,"Tadepalligudem, Andhra Pradesh",Not Available,Open,,"https://www.google.com/maps/dir//RG9G%2B3VJ+Venkata+ratnam+Hospital,+Subbaraopet,+Tadepalligudem,+Andhra+Pradesh+534101/data=!4m6!4m5!1m1!4e2!1m2!1m1!1s0x3a37b4ba835bd8ef:0x42979a71faca1441?sa=X&ved=1t:57443&ictx=111",General,16.8177043,81.527128
Kanthi Hospital,3.9,"Tanuku, Andhra Pradesh",088192 41967,Open,,"https://www.google.com/maps/dir//Kanthi+Hospital,+Babu+Gari+Street,+Opp+Town+Hall+Complex,+534211,+Tanuku,+Andhra+Pradesh/data=!4m6!4m5!1m1!4e2!1m2!1m1!1s0x3a37b7fa59289c1d:0x3364c4f2e3a95926?sa=X&ved=1t:57443&ictx=111",General,16.7542208,81.6831289
Sai Sudha Hospital,4.3,"Kakinada, Andhra Pradesh",0884 237 6634,Open 24 hours,https://saisudhamultispecialtyhospital.com/,"https://www.google.com/maps/dir//D.No:+21,+Sai+Sudha+Hospital,+1-24,+Jawahar+St,+beside+shravani+hospital,+Salipeta,+Kakinada,+Andhra+Pradesh+533001/data=!4m6!4m5!1m1!4e2!1m2!1m1!1s0x3a38280a14eafed1:0x4e499cc8ea936659?sa=X&ved=1t:57443&ictx=111",General,16.9546154,82.2325178
Sambasivarao Hospital,4,"Chagallu, Andhra Pradesh",Not Available,Open,,"https://www.google.com/maps/dir//XMV8%2B3QM+Sambasivarao+Hospital,+Chagallu,+Andhra+Pradesh+534342/data=!4m6!4m5!1m1!4e2!1m2!1m1!1s0x3a37af1302372dc7:0xb5399c082a00fdb2?sa=X&ved=1t:57443&ictx=111",General,16.9927229,81.6669141
"Our Lady Of Health General Hospital, Bhimadole",4,"Bhimadole, Andhra Pradesh",088292 22794,Open 24 hours,,"https://www.google.com/maps/dir//R7C7%2B3X9+Our+Lady+Of+Health+General+Hospital,+Bhimadole,+Bhimadole,+Andhra+Pradesh+534425/data=!4m6!4m5!1m1!4e2!1m2!1m1!1s0x3a3646a78f6774d1:0x190d5745710df6a5?sa=X&ved=1t:57443&ictx=111",General,16.8201718,81.2649998
Sai Sri Multi Speciality Hospital,3,"Devarapalli, Andhra Pradesh",085007 44555,Open 24 hours,,"https://www.google.com/maps/dir//Sai+Sri+Multi+Speciality+Hospital,+Old+kasi+gari+hospital,+main+road,+Devarapalli,+Andhra+Pradesh+534313/data=!4m6!4m5!1m1!4e2!1m2!1m1!1s0x3a37abae15aefbd1:0xf598b1184ff93ee0?sa=X&ved=1t:57443&ictx=111",Multispeciality,17.0337933,81.5597389
Government Hospital,4.4,Andhra Pradesh,Not Available,Open 24 hours,,"https://www.google.com/maps/dir//MHRW%2BR22+Government+Hospital,+Andhra+Pradesh+534134/data=!4m6!4m5!1m1!4e2!1m2!1m1!1s0x3a37cbd2e31e56c9:0x311b7236a506ca4c?sa=X&ved=1t:57443&ictx=111",General,16.6766104,81.5980246
Mahatma Gandhi Cancer Hospital & Research Institute,4.9,"Visakhapatnam, Andhra Pradesh",089128 78787,Open 24 hours,https://www.mgcancerhospital.com/,"https://www.google.com/maps/dir//Plot+No:1,+Sector:7,+Mahatma+Gandhi+Cancer+Hospital+%26+Research+Institute,+MVP+Colony,+Visakhapatnam,+Andhra+Pradesh+530017/data=!4m6!4m5!1m1!4e2!1m2!1m1!1s0x3a396ea925555555:0xea2ebbfac2b6ed40?sa=X&ved=1t:57443&ictx=111",Oncology,17.743657,83.335814
Sri Adhitya Hospital,4.6,"Tanuku, Andhra Pradesh",088192 28696,Open now,,"https://www.google.com/maps/dir//QM3M%2BF3M+Sri+Adhitya+Hospital,+bommala+veedhi,+Bommala+Veedi,+Venkatarayapuram,+Tanuku,+Andhra+Pradesh+534211/data=!4m6!4m5!1m1!4e2!1m2!1m1!1s0x3a37b7faf9730fb7:0xa5a429d369f39b3c?sa=X&ved=1t:57443&ictx=111",General,16.7537004,81.6826795
VENUS NURSING HOME,4,"Tadepalligudem, Andhra Pradesh",088182 23049,Open,,"https://www.google.com/maps/dir//VENUS+NURSING+HOME,+dhulipala+vari+street+,subba+rao+peta+Dr.+jhansi+rani+hospital,+Tadepalligudem,+Andhra+Pradesh+534101/data=!4m6!4m5!1m1!4e2!1m2!1m1!1s0x3a37b5827ac0fd15:0xf318d59ea6b3da7a?sa=X&ved=1t:57443&ictx=111",General,16.815564,81.531027
"Nisa Hospital ( Eye Care , Woman And Child Care )",4.4,"Tanuku, Andhra Pradesh",098852 25123,Open 24 hours,,"https://www.google.com/maps/dir//Nisa+Hospital+(+Eye+Care+,+Woman+And+Child+Care+),+21-4-29,+Old+Police+Station+St,+Venkatarayapuram,+Tanuku,+Andhra+Pradesh+534211/data=!4m6!4m5!1m1!4e2!1m2!1m1!1s0x3a37b7f07f140981:0x31a0446009b97bc9?sa=X&ved=1t:57443&ictx=111","Eye,Women's Health ,Child's Health",16.7578721,81.6832941
VIMS HOSPITALS,4.6,"Nallajerla, Andhra Pradesh",Not Available,Open 24 hours,,"https://www.google.com/maps/dir//WCW5%2BRCW+VIMS+HOSPITALS,+Tadepalligudem+-+Nallajerla+Rd,+Nallajerla,+Andhra+Pradesh+534112/data=!4m6!4m5!1m1!4e2!1m2!1m1!1s0x3a3651002dfdb373:0x3bca279853171a2b?sa=X&ved=1t:57443&ictx=111",General,16.9470058,81.4085577
Dr. Sankara Rao’s Children Hospital - Baby's Children Home,4.5,"Tadepalligudem, Andhra Pradesh",088182 21274,Open,http://babyschildrenhome.com/,"https://www.google.com/maps/dir//Dr.+Sankara+Rao%E2%80%99s+Children+Hospital+-+Baby's+Children+Home,+Ramarao+Peta,+Tadepalligudem,+Andhra+Pradesh+534101/data=!4m6!4m5!1m1!4e2!1m2!1m1!1s0x3a37b4b724a95165:0xbb1a0340711c5d5c?sa=X&ved=1t:57443&ictx=111",Pediatrics,16.8125493,81.5261374
Amulya Hospital,3.6,"Visakhapatnam, Andhra Pradesh",Not Available,Open 24 hours,,"https://www.google.com/maps/dir//Amulya+Hospital,+14-1-3%2F1,+Nowroji+Rd,+opp.+More+Supermarket,+Ram+Nagar,+Visakhapatnam,+Andhra+Pradesh+530002/data=!4m6!4m5!1m1!4e2!1m2!1m1!1s0x3a394316b03771f1:0x5bf982967cdcf584?sa=X&ved=1t:57443&ictx=111",General,17.7155368,83.308715
Sree Satya Hospitals,3.5,"Tanuku, Andhra Pradesh",Not Available,Open 24 hours,,"https://www.google.com/maps/dir//QM4P%2B6C3+Sree+Satya+Hospitals,+Emanivari+Street,+Old+Post+Office+Rd,+Venkatarayapuram,+Tanuku,+Andhra+Pradesh+534211/data=!4m6!4m5!1m1!4e2!1m2!1m1!1s0x3a37b7f9fb9225cf:0xb671775b1f95617b?sa=X&ved=1t:57443&ictx=111",General,16.7555028,81.6860444
Care Hospital (Genaral Medicin and Neuro Psychiatry),4.4,"Tanuku, Andhra Pradesh",Not Available,Open 24 hours,,"https://www.google.com/maps/dir//Block+No+1,+Care+Hospital+(Genaral+Medicin+and+Neuro+Psychiatry),+Municipal+Complex,+Society+Rd,+Tanuku,+Andhra+Pradesh+534211/data=!4m6!4m5!1m1!4e2!1m2!1m1!1s0x3a37b775b2123cc7:0x2b67ed82761473ee?sa=X&ved=1t:57443&ictx=111","General,Neuro,Psychiatry",16.7562041,81.6808157
INDIRA MEMORIAL HOSPITAL,3.7,"Tadepalligudem, Andhra Pradesh",088182 22726,Open now,,"https://www.google.com/maps/dir//RG7H%2BCR7+INDIRA+MEMORIAL+HOSPITAL,+Sheshamahal+Rd,+Subbaraopet,+Tadepalligudem,+Andhra+Pradesh+534101/data=!4m6!4m5!1m1!4e2!1m2!1m1!1s0x3a37b4b97816bd91:0x3c3dd0a25c5b5e4a?sa=X&ved=1t:57443&ictx=111",General,16.8135328,81.5295466
SAI SANJEEVANI HOSPITALS,3.4,"Tadepalligudem, Andhra Pradesh",088182 30399,Open 24 hours,,"https://www.google.com/maps/dir//SAI+SANJEEVANI+HOSPITALS,+Subbaraopet,+Tadepalligudem,+Andhra+Pradesh+534101/data=!4m6!4m5!1m1!4e2!1m2!1m1!1s0x3a37b4b0496a7c55:0x75b4d493f943e230?sa=X&ved=1t:57443&ictx=111",General,16.8180743,81.5244739
Vamsi Hi-Tech Super speciality Hospital,3.9,"Tanuku, Andhra Pradesh",088192 22696,Open now,,"https://www.google.com/maps/dir//QM4F%2B5QF+Vamsi+Hi-Tech+Super+speciality+Hospital,+Railway+Station+Rd,+Venkatarayapuram,+Tanuku,+Andhra+Pradesh+534211/data=!4m6!4m5!1m1!4e2!1m2!1m1!1s0x3a37b7e6015a14d7:0xa0687710e8fb4058?sa=X&ved=1t:57443&ictx=111",Multispeciality,16.7554268,81.6744138
Sri Surya Hospital,3.8,"Nidadavole, Andhra Pradesh",088132 25747,Open,,"https://www.google.com/maps/dir//Sri+Surya+Hospital,+Near+Ganesh+Chowk,+Dist,+Santhi+Nagar,+pattimeda+Town,+Nidadavole,+Andhra+Pradesh+534301/data=!4m6!4m5!1m1!4e2!1m2!1m1!1s0x3a37b0153a53f483:0x85cf6fb69b2eca64?sa=X&ved=1t:57443&ictx=111",General,16.9086145,81.6711864
Dr.N VENKATAPATHI HOSPITAL,4.5,"Nallajerla, Andhra Pradesh",099632 28142,Open,http://www.jkjpjk.blogspot.com/,"https://www.google.com/maps/dir//XC25%2B6FX+Dr.N+VENKATAPATHI+HOSPITAL,+ITI+College+Rd,+Nallajerla,+Andhra+Pradesh+534112/data=!4m6!4m5!1m1!4e2!1m2!1m1!1s0x3a36519689989b9d:0x530b6ffa5b2fc72?sa=X&ved=1t:57443&ictx=111",General,16.9506241,81.4087331
Blossoms children's hospital,4.9,"Eluru, Andhra Pradesh",088122 52040,Open 24 hours,,"https://www.google.com/maps/dir//Blossoms+children's+hospital,+Sankara+Matam+St,+Ramachandra+Rao+Pet,+Eluru,+Andhra+Pradesh+534006/data=!4m6!4m5!1m1!4e2!1m2!1m1!1s0x3a3615e9406fa821:0x649146fdc6246c1d?sa=X&ved=1t:57443&ictx=111",Pediatrics,16.7160916,81.0994703
Rama Nursing Home,4.2,"Tadepalligudem, Andhra Pradesh",088182 27776,Open,,"https://www.google.com/maps/dir//RG9C%2B8HW+Rama+Nursing+Home,+Srinivasa+Hospital+Rd,+Ward+30,+Ambedkar+Nagar,+Tadepalligudem,+Andhra+Pradesh+534101/data=!4m6!4m5!1m1!4e2!1m2!1m1!1s0x3a37b4b1f4e4d4a5:0x38f6d7719b3586ff?sa=X&ved=1t:57443&ictx=111",General,16.8183745,81.5214434
Chebrolu New Government Hospital,4.1,"Chebrolu, Andhra Pradesh",Not Available,Closed,,"https://www.google.com/maps/dir//R9GX%2B3JP+Chebrolu+New+Government+Hospital,+Chebrolu,+Andhra+Pradesh+534411/data=!4m6!4m5!1m1!4e2!1m2!1m1!1s0x3a36493340a99825:0x77e715e831cb3b7b?sa=X&ved=1t:57443&ictx=111",General,16.825203,81.399064
Pulse Hospital,4.3,"Akividu, Andhra Pradesh",088162 55789,Open 24 hours,,"https://www.google.com/maps/dir//Pulse+Hospital,+Muslim+Street,+Old+MRO+OFFICE+ROAD,+near+BSNL+Office,+Akividu,+Andhra+Pradesh+534235/data=!4m6!4m5!1m1!4e2!1m2!1m1!1s0x3a3631295c5f8705:0x1569bce70ef3944b?sa=X&ved=1t:57443&ictx=111",General,16.5829437,81.3801493
Sri Balaji Hospital,3.9,"Tanuku, Andhra Pradesh",088192 21778,Open,,"https://www.google.com/maps/dir//Sri+Balaji+Hospital,+Sajjapuram,+Tanuku,+Andhra+Pradesh+534211/data=!4m6!4m5!1m1!4e2!1m2!1m1!1s0x3a37b7eff274126f:0x8c3bfa541f70b6fc?sa=X&ved=1t:57443&ictx=111",General,16.7566262,81.6790534
GSL Trust Cancer Hospital,4.3,"Rajamahendravaram, Andhra Pradesh",077118 34567,Closed,,"https://www.google.com/maps/dir//2Q7G%2BXQV+GSL+Trust+Cancer+Hospital,+Kambala+Cheruvu,+Rajamahendravaram,+Andhra+Pradesh+533105/data=!4m6!4m5!1m1!4e2!1m2!1m1!1s0x3a37a408343d9105:0x1a8a24cb8765a034?sa=X&ved=1t:57443&ictx=111",Oncology,17.0149778,81.7769104
Sri Venkataramana Seva Charitable Trust,4.8,"Alampuram, Andhra Pradesh",Not Available,Open,,"https://www.google.com/maps/dir//RH3Q%2BJC7+Sri+Venkataramana+Seva+Charitable+Trust,+Alampuram,+Andhra+Pradesh+534146/data=!4m6!4m5!1m1!4e2!1m2!1m1!1s0x3a37b43b92e6411d:0xcba009c4accb2e1b?sa=X&ved=1t:57443&ictx=111",General,16.8040311,81.5885318
Ajay Hospitals,5,"Buvvanapalli, Andhra Pradesh",099480 13751,Open,,"https://www.google.com/maps/dir//Ajay+Hospitals,+Ganapavaram+Rd,+Buvvanapalli,+Andhra+Pradesh/data=!4m6!4m5!1m1!4e2!1m2!1m1!1s0x3a3635d3cd07524b:0x9ee03894ef3f5d16?sa=X&ved=1t:57443&ictx=111",General,16.7017815,81.4564498
Vadlamudi Hospitals,2.8,"Nallajerla, Andhra Pradesh",Not Available,Open,,"https://www.google.com/maps/dir//Vadlamudi+Hospitals,+Sri+Sai+Nilayam,+Shivalayam+St,+Nallajerla,+Andhra+Pradesh+534112/data=!4m6!4m5!1m1!4e2!1m2!1m1!1s0x3a3651019c21e893:0xa38a59abce21af86?sa=X&ved=1t:57443&ictx=111",General,16.9471756,81.4069062
Gowthami Hospital,5,"Tadepalligudem, Andhra Pradesh",080192 91239,Open 24 hours,,"https://www.google.com/maps/dir//Gowthami+Hospital,+Dhulipala+Vari+St,+opposite+Jhansi+Rani+hospital,+Tadepalligudem,+Andhra+Pradesh+534101/data=!4m6!4m5!1m1!4e2!1m2!1m1!1s0x3a37b5231ec87c5f:0x9ad49c68ae053d25?sa=X&ved=1t:57443&ictx=111",General,16.8158686,81.5312007
Dr.Balu Hospital,3.9,"Bhimadole, Andhra Pradesh",Not Available,Open 24 hours,,"https://www.google.com/maps/dir//Dr.Balu+Hospital,+Bhimadole,+Andhra+Pradesh+534425/data=!4m6!4m5!1m1!4e2!1m2!1m1!1s0x3a36441d094f9045:0x9dd2c61f8ff5488c?sa=X&ved=1t:57443&ictx=111",General,16.8225428,81.2653448
Sai Siddhartha hospitals,5,"Tadepalligudem, Andhra Pradesh",Not Available,Open 24 hours,,"https://www.google.com/maps/dir//Sai+Siddhartha+hospitals,+KN+Rd,+near+Venkateswara+swamy+temple,+Tadepalligudem,+Andhra+Pradesh+534101/data=!4m6!4m5!1m1!4e2!1m2!1m1!1s0x3a37b5f3cf5a1083:0xd6d68cd7dea81654?sa=X&ved=1t:57443&ictx=111",General,16.8191745,81.5216863
RAGHU ORTHOPAEDIC AND EYE HOSPITAL,3.5,"Tanuku, Andhra Pradesh",088192 25567,Open,,"https://www.google.com/maps/dir//RAGHU+ORTHOPAEDIC+AND+EYE+HOSPITAL,+Coaxial+St,+near+Priyanka+nursing+home,+Tanuku,+Andhra+Pradesh+534211/data=!4m6!4m5!1m1!4e2!1m2!1m1!1s0x3a37b7fa88c8b791:0x894c57a7482017f2?sa=X&ved=1t:57443&ictx=111","Orthopaedics,Eye ",16.7575356,81.673878
Seshagiri Hospitals,3.1,"Nidadavole, Andhra Pradesh",Not Available,Open 24 hours,,"https://www.google.com/maps/dir//WM4C%2B5C8+Seshagiri+Hospitals,+Nidadavole,+Andhra+Pradesh/data=!4m6!4m5!1m1!4e2!1m2!1m1!1s0x3a37b1919d8fa66d:0xc9c129f1edc6ab14?sa=X&ved=1t:57443&ictx=111",General,16.905406,81.6710679
SRIKANTH AYURVEDA HOSPITAL,4.6,"Tadepalligudem, Andhra Pradesh",070135 67408,Open,,"https://www.google.com/maps/dir//SRIKANTH+AYURVEDA+HOSPITAL,+KN+Rd,+Ambedkar+Nagar,+Tadepalligudem,+Andhra+Pradesh+534101/data=!4m6!4m5!1m1!4e2!1m2!1m1!1s0x3a37b534d30c0f93:0xd7a1b8eeccc2e212?sa=X&ved=1t:57443&ictx=111",Ayurveda,16.8152983,81.5255197
Sri Chaitanya Orthopaedic & Eye Hospital (Formerly Dr. Krishna Reddy Hospital),3.9,"Tanuku, Andhra Pradesh",Not Available,Open,https://www.chaitanyaorthoeye.com/,"https://www.google.com/maps/dir//Sri+Chaitanya+Orthopaedic+%26+Eye+Hospital+(Formerly+Dr.+Krishna+Reddy+Hospital),+Sajjapuram,+Tanuku,+Andhra+Pradesh+534211/data=!4m6!4m5!1m1!4e2!1m2!1m1!1s0x3a37b7ef9d5faf79:0xfbb872df9b28c5a?sa=X&ved=1t:57443&ictx=111","Orthopaedics,Eye ",16.7568177,81.6774474
Srihitha Childrens Hospital,3.7,"Rajamahendravaram, Andhra Pradesh",Not Available,Open,,"https://www.google.com/maps/dir//2Q4M%2BPMV+Srihitha+Childrens+Hospital,+Round+Park+Rd,+Danavai+Peta,+Rajamahendravaram,+Andhra+Pradesh+533103/data=!4m6!4m5!1m1!4e2!1m2!1m1!1s0x3a37a3f357901f53:0x7297d0e6db76d4b0?sa=X&ved=1t:57443&ictx=111",Pediatrics,17.0068536,81.7841615
Sri Rama Hospitals,3.4,"Tanuku, Andhra Pradesh",088192 21499,Open,,"https://www.google.com/maps/dir//QM4M%2B38Q+Sri+Rama+Hospitals,+Venkatarayapuram,+Tanuku,+Andhra+Pradesh+534211/data=!4m6!4m5!1m1!4e2!1m2!1m1!1s0x3a37b7fa634c0001:0x4255e419b35f00bf?sa=X&ved=1t:57443&ictx=111",General,16.7553432,81.6832212
Ashoka Hospitals,4.7,"Vijayawada, Andhra Pradesh",079979 93959,Closed,http://ashokahospitals.com/,"https://www.google.com/maps/dir//Door+No+29,+Ashoka+Hospitals,+6+9%2Fa,+Nakkala+Rd,+Suryaraopeta,+Vijayawada,+Andhra+Pradesh+520002/data=!4m6!4m5!1m1!4e2!1m2!1m1!1s0x3a35f00002de5577:0xafcde9d4ef509e3c?sa=X&ved=1t:57443&ictx=111",General,16.5127664,80.6323005
SKS hospitals,4.3,"Nidadavole, Andhra Pradesh",099081 63100,Open 24 hours,,"https://www.google.com/maps/dir//WM5C%2BXQC+SKS+hospitals,+Nidadavole,+Andhra+Pradesh/data=!4m6!4m5!1m1!4e2!1m2!1m1!1s0x3a37b1df1ee60583:0x61c56a6dd85df46?sa=X&ved=1t:57443&ictx=111",General,16.9099258,81.6718872
Sri Surya ENT Hospital,3.9,"Tadepalligudem, Andhra Pradesh",088182 28388,Open,,"https://www.google.com/maps/dir//Sri+Surya+ENT+Hospital,+Subbaraopet,+Tadepalligudem,+Andhra+Pradesh+534101/data=!4m6!4m5!1m1!4e2!1m2!1m1!1s0x3a37b4b985d6d67b:0x66157a25150bc9bf?sa=X&ved=1t:57443&ictx=111",ENT,16.8138687,81.5289558
Sunkesula Hospital,5,"Tadepalligudem, Andhra Pradesh",Not Available,No reviews,,"https://www.google.com/maps/dir//RG9G%2B6V2+Sunkesula+Hospital,+Subbaraopet,+Tadepalligudem,+Andhra+Pradesh+534101/data=!4m6!4m5!1m1!4e2!1m2!1m1!1s0x3a37b51dc3d5ec33:0x32a825dfd1310960?sa=X&ved=1t:57443&ictx=111",General,16.8180225,81.5271559
Varma Hospital,4.6,"Ganapavaram, Andhra Pradesh",088182 58484,Open,,"https://www.google.com/maps/dir//Varma+Hospital,+Balacheruvu,+West+Godavari,+SH-112,+Undi+Ganapavaram+Road,+Ganapavaram,+Ganapavaram,+Andhra+Pradesh+534198/data=!4m6!4m5!1m1!4e2!1m2!1m1!1s0x3a3635afcfb61173:0xc4b627308f6b0321?sa=X&ved=1t:57443&ictx=111",General,16.7030195,81.4545918
Primary Health Center,4,"Venkatramannagudem, Andhra Pradesh",Not Available,Closed,,"https://www.google.com/maps/dir//VFF9%2BHX6+Primary+Health+Center,+Tadepalligudem+-+Nallajerla+Rd,+Venkatramannagudem,+Andhra+Pradesh+534101/data=!4m6!4m5!1m1!4e2!1m2!1m1!1s0x3a364c5510271a57:0xfa14fdc47c8b7660?sa=X&ved=1t:57443&ictx=111",General,16.8739078,81.4698865
Holy Cross Hospital,4.2,"Nidadavole, Andhra Pradesh",088132 21619,Closed,,"https://www.google.com/maps/dir//VMX8%2B9J7+Holy+Cross+Hospital,+Singavaram+Rd,+Gandhi+Nagar,+Nidadavole,+Andhra+Pradesh+534301/data=!4m6!4m5!1m1!4e2!1m2!1m1!1s0x3a37b042fdd71617:0x29db0d6f2932c524?sa=X&ved=1t:57443&ictx=111",General,16.8984214,81.6665607
Bharathi Nursing Home,4.3,"Tanuku, Andhra Pradesh",098481 53304,Open,,"https://www.google.com/maps/dir//QM4G%2BCG9+Bharathi+Nursing+Home,+Venkatarayapuram,+Tanuku,+Andhra+Pradesh+534211/data=!4m6!4m5!1m1!4e2!1m2!1m1!1s0x3a37b7ef610b57ad:0xd57129314d35b903?sa=X&ved=1t:57443&ictx=111",General,16.7560252,81.6763531
Dr. Karri Nageswara Rao Emergency Hospital,4.4,"Tadepalligudem, Andhra Pradesh",088182 22155,Open now,,"https://www.google.com/maps/dir//RG8H%2B3Q9+Dr.+Karri+Nageswara+Rao+Emergency+Hospital,+Subbaraopet,+Tadepalligudem,+Andhra+Pradesh+534101/data=!4m6!4m5!1m1!4e2!1m2!1m1!1s0x3a37b4bbb32d5aff:0x27deb0103f19c42e?sa=X&ved=1t:57443&ictx=111",Emergency,16.8151511,81.5294747
Padmasri Hospital,3.1,"Visakhapatnam, Andhra Pradesh",092466 34747,Open 24 hours,,"https://www.google.com/maps/dir//Padmasri+Hospital,+49-48-16%2F5,+NH16,+NGGOS+Colony,+Akkayyapalem,+Visakhapatnam,+Andhra+Pradesh+530016/data=!4m6!4m5!1m1!4e2!1m2!1m1!1s0x3a394331fce13529:0x224e23b5188a1942?sa=X&ved=1t:57443&ictx=111",General,17.7382367,83.303662
Madhava Multispeciality Hospital,3.7,"Addanki, Andhra Pradesh",086867 57583,Open 24 hours,,"https://www.google.com/maps/dir//Madhava+Multispeciality+Hospital,+Behind+RTC+bus+stand,+Addanki,+Andhra+Pradesh+523201/data=!4m6!4m5!1m1!4e2!1m2!1m1!1s0x3a4af1c6efa1afef:0x27219ef3b99561d1?sa=X&ved=1t:57443&ictx=111",Multispeciality,15.8096249,79.9761814
"Isha hospitals, Tanuku",4.3,"Tanuku, Andhra Pradesh",Not Available,Open 24 hours,,"https://www.google.com/maps/dir//Isha+hospitals,+Tanuku,+35-42-7%2F1,+Doddipatlavari+street,+Helipad+Park+Area,+Venkatarayapuram,+Tanuku,+Andhra+Pradesh+534211/data=!4m6!4m5!1m1!4e2!1m2!1m1!1s0x3a37b704506cbd37:0x48af9fd44318af8f?sa=X&ved=1t:57443&ictx=111",General,16.7543053,81.6820471
Poduru Hospital,5,"Ganapavaram, Andhra Pradesh",Not Available,Open now,,"https://www.google.com/maps/dir//Poduru+Hospital,+MEO+OFFICE+-+GANAPAVARAM+MANDAL,+Chinaramachandrapuram,+Ganapavaram,+Andhra+Pradesh+534198/data=!4m6!4m5!1m1!4e2!1m2!1m1!1s0x3a37caeddb2ef86d:0x47c8cf4775d0c50f?sa=X&ved=1t:57443&ictx=111",General,16.7102825,81.5468564
Government Hospital,4,"Dwaraka Tirumala, Andhra Pradesh",Not Available,Open 24 hours,,"https://www.google.com/maps/dir//X742%2BMG3+Government+Hospital,+Dwaraka+Tirumala,+Andhra+Pradesh+534426/data=!4m6!4m5!1m1!4e2!1m2!1m1!1s0x3a365c81dae7b849:0xc27031a56109e676?sa=X&ved=1t:57443&ictx=111",General,16.9566426,81.2512887
Smile Multi Speciality Dental hospital,4.7,"Tadepalligudem, Andhra Pradesh",073821 27999,Open,,"https://www.google.com/maps/dir//Smile+Multi+Speciality+Dental+hospital,+KN+Rd,+beside+sairam+cloth+showroom,+opp.+R+and+B+Guest+House,+Ambedkar+Nagar,+Tadepalligudem,+Andhra+Pradesh+534101/data=!4m6!4m5!1m1!4e2!1m2!1m1!1s0x3a37b58ff608bdff:0x41e034085e2d770b?sa=X&ved=1t:57443&ictx=111",Dental,16.814818,81.5260711
Tanuku Hospitals Limited,4,"Tanuku, Andhra Pradesh",Not Available,Open 24 hours,,"https://www.google.com/maps/dir//D.No.21,+Tanuku+Hospitals+Limited,+4-22,+Tanukuvari+St,+Venkatarayapuram,+Tanuku,+Andhra+Pradesh+534211/data=!4m6!4m5!1m1!4e2!1m2!1m1!1s0x3a37b7dee38f3f63:0xe6055b0ee57f1c77?sa=X&ved=1t:57443&ictx=111",General,16.7575164,81.6832402
Medicover Cancer Institute | Best Cancer Institute in Vizag | Health City,4.7,"Visakhapatnam, Andhra Pradesh",040 6833 4455,Open 24 hours,https://www.medicoverhospitals.in/hospitals/andhra-pradesh/visakhapatnam-mci/,"https://www.google.com/maps/dir//Plot+No,+Medicover+Cancer+Institute+%7C+Best+Cancer+Institute+in+Vizag+%7C+Health+City,+5,+BRTS+Rd,+Chinna+Gadhili,+Arilova,+Visakhapatnam,+Andhra+Pradesh+530040/data=!4m6!4m5!1m1!4e2!1m2!1m1!1s0x3a395d0cc379f4ad:0x44d497fa518dbc32?sa=X&ved=1t:57443&ictx=111",Cancer,17.7635107,83.3119078
Lakshmi Hospital,3.8,"Akividu, Andhra Pradesh",088162 52176,Closes soon,https://www.facebook.com/Lakshmi-Hospital-Akividu-117129821705419/,"https://www.google.com/maps/dir//Lakshmi+Hospital,+Kakarlavari+St,+near+S+Turning,+Akividu,+Andhra+Pradesh+534235/data=!4m6!4m5!1m1!4e2!1m2!1m1!1s0x3a36305196897255:0xf36a1f4d6e2888cf?sa=X&ved=1t:57443&ictx=111",General,16.5816981,81.377424
NRI General Hospital,3.1,"Chinakakani, Mangalagiri, Andhra Pradesh",Not Available,Open 24 hours,http://www.nrias.net/,"https://www.google.com/maps/dir//CH75%2BX26+NRI+General+Hospital,+NRI+Hospital+Road,+Chinakakani,+Mangalagiri,+Andhra+Pradesh+522503/data=!4m6!4m5!1m1!4e2!1m2!1m1!1s0x3a35f6b2d024d983:0xfdc50de2d1934190?sa=X&ved=1t:57443&ictx=111",General,16.4149147,80.5575021
First step emergency Hospital,5,"Tadepalligudem, Andhra Pradesh",094912 58726,Open 24 hours,,"https://www.google.com/maps/dir//First+step+emergency+Hospital,+Bhoopal+nagar,+near+Bus+stad,+Tadepalligudem,+Andhra+Pradesh+534101/data=!4m6!4m5!1m1!4e2!1m2!1m1!1s0x3a37b5926b8125ff:0xc6cba13b3aba3734?sa=X&ved=1t:57443&ictx=111",Emergency,16.8072523,81.5316033
District Hospital - Eluru,3.5,"Eluru, Andhra Pradesh",088122 30401,Open 24 hours,,"https://www.google.com/maps/dir//P36W%2BR42+District+Hospital+-+Eluru,+Islampet,+Eluru,+Andhra+Pradesh+534006/data=!4m6!4m5!1m1!4e2!1m2!1m1!1s0x3a3614b69c189bb1:0x66482566114be68d?sa=X&ved=1t:57443&ictx=111",General,16.7106604,81.0952431
Devi Hospital,4,"Bhimadole, Andhra Pradesh",088292 22208,Open,,"https://www.google.com/maps/dir//R7C7%2BCJR+Devi+Hospital,+Bhimadole,+Andhra+Pradesh+534425/data=!4m6!4m5!1m1!4e2!1m2!1m1!1s0x3a36441d5c663455:0x1daa5909f4a59edd?sa=X&ved=1t:57443&ictx=111",General,16.8211121,81.264003
Best Hospitals,4.4,"Tanuku, Andhra Pradesh",094911 87111,Open 24 hours,,"https://www.google.com/maps/dir//Best+Hospitals,+Potti+Sreeramullu,+34-2-13%2F2,+Valluri+Vari+Veedhi,+Venkatarayapuram,+Tanuku,+Andhra+Pradesh+534211/data=!4m6!4m5!1m1!4e2!1m2!1m1!1s0x3a37b7b41ac13d71:0x35840964f0f80242?sa=X&ved=1t:57443&ictx=111",General,16.7554441,81.6816608
Priyanka Nursing Home,3.8,"Tanuku, Andhra Pradesh",088192 23030,Open,,"https://www.google.com/maps/dir//QM4F%2BV76+Priyanka+Nursing+Home,+Office,+Rashtrapathi+rd,+opp.+Coaxial+Street,+Sajjapuram,+Tanuku,+Andhra+Pradesh+534211/data=!4m6!4m5!1m1!4e2!1m2!1m1!1s0x3a37b7e8b9d4f71f:0x34482a4afae270b1?sa=X&ved=1t:57443&ictx=111",General,16.7569957,81.6740309
AP SUPERSPECIALITY DENTAL HOSPITAL,3.8,"Vijayawada, Andhra Pradesh",040 2354 8781,Open,http://apsuperspeciality.com/,"https://www.google.com/maps/dir//GJ5R%2BWG2+AP+SUPERSPECIALITY+DENTAL+HOSPITAL,+Chandra+Rajeswara+Rao+Raod,+beside+Metro+wholesale+mart,+Mogalrajapuram,+Suryaraopeta,+Vijayawada,+Andhra+Pradesh+520010/data=!4m6!4m5!1m1!4e2!1m2!1m1!1s0x3a35faadab9724af:0xba3a7077693476ab?sa=X&ved=1t:57443&ictx=111",Dental,16.509765,80.6412677
People's Nursing Home,3.7,"Tanuku, Andhra Pradesh",Not Available,Open,,"https://www.google.com/maps/dir//People's+Nursing+Home,+34-2-12+Potti+Sriramulu+Street+next+to,+Gamini+Compound,+Venkatarayapuram,+Tanuku,+Andhra+Pradesh+534211/data=!4m6!4m5!1m1!4e2!1m2!1m1!1s0x3a37b7faa3745b85:0x3cc2fa9c87751f0c?sa=X&ved=1t:57443&ictx=111",General,16.755064,81.681679
"Govt. Hospital, Bhimadole",3.8,"Bhimadole, Andhra Pradesh",Not Available,Open 24 hours,http://hmfw.ap.gov.in/DH/dh_dis_phc.aspx?dc=2805,"https://www.google.com/maps/dir//R797%2B486+Govt.+Hospital,+Bhimadole,+Bhimadole,+Andhra+Pradesh+534425/data=!4m6!4m5!1m1!4e2!1m2!1m1!1s0x3a3646a7d36324d9:0x544e9cd3742494d?sa=X&ved=1t:57443&ictx=111",General,16.8177824,81.2632534
"Siri Emergency and Childrens Hospital,",4.1,"Nidadavole, Andhra Pradesh",Not Available,Open now,,"https://www.google.com/maps/dir//Siri+Emergency+and+Childrens+Hospital,,+SRI+RAMMURTHY+GARI+HOSPITAL+COMPOUND,+Nidadavole,+Andhra+Pradesh+534301/data=!4m6!4m5!1m1!4e2!1m2!1m1!1s0x3a37b1728e61f4ef:0x20f9d5c14e70e175?sa=X&ved=1t:57443&ictx=111","Pediatrics,Emergency",16.9113545,81.6732788
Sri RAMARAJU MEMORIAL HOSPITAL,3.5,"Akividu, Andhra Pradesh",Not Available,Open,,"https://www.google.com/maps/dir//H9JG%2BPWF+Sri+RAMARAJU+MEMORIAL+HOSPITAL,+Akividu,+Andhra+Pradesh+534235/data=!4m6!4m5!1m1!4e2!1m2!1m1!1s0x3a36305196eb1787:0xafa72c9b8fc5284e?sa=X&ved=1t:57443&ictx=111",General,16.5818017,81.3773049
Undi apparao Hospital,4.2,"Palakollu, Andhra Pradesh",088142 23344,Open now,,"https://www.google.com/maps/dir//GP9H%2BCMG+Undi+apparao+Hospital,+Palakollu,+Andhra+Pradesh/data=!4m6!4m5!1m1!4e2!1m2!1m1!1s0x3a37dafbf94c93a7:0x68adef18d4b394eb?sa=X&ved=1t:57443&ictx=111",General,16.5185537,81.7291876
Sri Jayanthi Nursing Home,3.3,"Tadepalligudem, Andhra Pradesh",088182 21107,Open 24 hours,,"https://www.google.com/maps/dir//RG7G%2B29G+Sri+Jayanthi+Nursing+Home,+Vogeti+Vari+St,+Ramarao+Peta,+Tadepalligudem,+Andhra+Pradesh+534101/data=!4m6!4m5!1m1!4e2!1m2!1m1!1s0x3a37b4b7682180dd:0xb01ae63c807ec785?sa=X&ved=1t:57443&ictx=111",General,16.8125508,81.5259469
J.K HOSPITAL,3.4,"Tanuku, Andhra Pradesh",088192 22929,Open now,,"https://www.google.com/maps/dir//QM4P%2B47F+J.K+HOSPITAL,+Rastrapathi+Rd,+Venkatarayapuram,+Tanuku,+Andhra+Pradesh+534211/data=!4m6!4m5!1m1!4e2!1m2!1m1!1s0x3a37b7fa1d794f07:0x938ef738e8fde3ef?sa=X&ved=1t:57443&ictx=111",General,16.7562684,81.6801653
Govt Ayurveda Hospital,4.5,"Unguturu, Andhra Pradesh",Not Available,Closed,,"https://www.google.com/maps/dir//RCCF%2BHP3+Govt+Ayurveda+Hospital,+Unguturu,+Andhra+Pradesh+534406/data=!4m6!4m5!1m1!4e2!1m2!1m1!1s0x3a3649569d798553:0x9dc93a888675f86d?sa=X&ved=1t:57443&ictx=111",Ayurveda,16.8213887,81.4242863
Aditya hospital,5,"Tadepalligudem, Andhra Pradesh",088182 30666,No reviews,,"https://www.google.com/maps/dir//Aditya+hospital,+Eluru+Rd,+Seetarampeta,+Venkatasubbayya+Colony,+Tadepalligudem,+Andhra+Pradesh+534101/data=!4m6!4m5!1m1!4e2!1m2!1m1!1s0x3a37b5c5a85427b9:0xb6dd849ac6efa690?sa=X&ved=1t:57443&ictx=111",General,16.8078466,81.5281201
Tanuku Hospital,3,"Tanuku, Andhra Pradesh",Not Available,Open now,,"https://www.google.com/maps/dir//QM4G%2B97Q+Tanuku+Hospital,+Shivalayam+St,+Sajjapuram,+Tanuku,+Andhra+Pradesh+534211/data=!4m6!4m5!1m1!4e2!1m2!1m1!1s0x3a37b7ef5f2ae12b:0x55f17ab876be3177?sa=X&ved=1t:57443&ictx=111",General,16.7559702,81.6757271
Jagruthi Eye Hospital,4.5,"Nidadavole, Andhra Pradesh",099596 94977,Open 24 hours,,"https://www.google.com/maps/dir//Jagruthi+Eye+Hospital,+Santhi+Nagar,+Nidadavole,+Andhra+Pradesh+534301/data=!4m6!4m5!1m1!4e2!1m2!1m1!1s0x3a37b0151e5db599:0xa5d0c592bf2a2984?sa=X&ved=1t:57443&ictx=111",Eye,16.9095312,81.6718473
Assisi Hospital,4.3,"Konkepudi, Nadupuru, Andhra Pradesh",Not Available,Closed,,"https://www.google.com/maps/dir//74GP%2B535+Assisi+Hospital,+Konkepudi,+Nadupuru,+Andhra+Pradesh+521366/data=!4m6!4m5!1m1!4e2!1m2!1m1!1s0x3a49e0b113c33997:0x52c802cb4c9bb661?sa=X&ved=1t:57443&ictx=111",General,16.2753788,81.1352369
Madhavaram Government Hospital,3.4,"Madhavaram, Andhra Pradesh",Not Available,Open 24 hours,,"https://www.google.com/maps/dir//VHRV%2BMGF+Madhavaram+Government+Hospital,+Apparaopeta-Madhavarm+Road,+Madhavaram,+Andhra+Pradesh+534145/data=!4m6!4m5!1m1!4e2!1m2!1m1!1s0x3a37b22feb0e248f:0x77902c57ee8a3bcf?sa=X&ved=1t:57443&ictx=111",General,16.8916831,81.5937826
Vijaywada Ent and Multispeciality Hospital,3.6,"Vijayawada, Andhra Pradesh",092921 04108,Open 24 hours,http://www.vijayawadaenthospitals.in/,"https://www.google.com/maps/dir//Vijaywada+Ent+and+Multispeciality+Hospital,+29-8-3+chilukudurgaiah+street,+Nakkala+Rd,+Suryaraopeta,+Vijayawada,+Andhra+Pradesh+520002/data=!4m6!4m5!1m1!4e2!1m2!1m1!1s0x3a35f1f380355971:0x59036dad6b9b705b?sa=X&ved=1t:57443&ictx=111","ENT,Multispeciality",16.5138113,80.6332426
Apoorva Hospital,3.3,"Visakhapatnam, Andhra Pradesh",089127 01258,Open 24 hours,http://apoorvahospitals.com/contact_us,"https://www.google.com/maps/dir//Apoorva+Hospital,+Seethampeta,+Visakhapatnam,+Andhra+Pradesh+530016/data=!4m6!4m5!1m1!4e2!1m2!1m1!1s0x3a39433a4e4ed379:0xd07a7ca7d49a50f5?sa=X&ved=1t:57443&ictx=111",General,17.7302141,83.3075675
Sarojini devi Children Hospital.,3.9,"Tadepalligudem, Andhra Pradesh",Not Available,No reviews,,"https://www.google.com/maps/dir//RG9C%2BMMF+Sarojini+devi+Children+Hospital.,+beside+common+service+centre,+Ward+30,+Ambedkar+Nagar,+Tadepalligudem,+Andhra+Pradesh+534101/data=!4m6!4m5!1m1!4e2!1m2!1m1!1s0x3a37b4b1fbf6047f:0x1a67a367c0a6962?sa=X&ved=1t:57443&ictx=111",Pediatrics,16.8191753,81.5216847
Sri Srinivasa Hospital,4,"Dwaraka Tirumala, Andhra Pradesh",083408 57475,Open 24 hours,,"https://www.google.com/maps/dir//X724%2BXGR+Sri+Srinivasa+Hospital,+Dwaraka+Tirumala,+Andhra+Pradesh+534426/data=!4m6!4m5!1m1!4e2!1m2!1m1!1s0x3a365b7c669d0d9d:0xa63663ab85452a1?sa=X&ved=1t:57443&ictx=111",General,16.9524779,81.2562773
Sai hospital,5,"Tadepalligudem, Andhra Pradesh",Not Available,No reviews,,"https://www.google.com/maps/dir//Sai+hospital,+near+railway+station,+Tadepalligudem,+Andhra+Pradesh+534101/data=!4m6!4m5!1m1!4e2!1m2!1m1!1s0x3a37b5abb858dc9f:0xb00ee03933efaaf1?sa=X&ved=1t:57443&ictx=111",General,16.8100342,81.5262644
A Sri Jagadhamba Physiotherapy clinic-Since-2008,4.5,"Tadepalligudem, Andhra Pradesh",098854 72407,Open,,"https://www.google.com/maps/dir//A+Sri+Jagadhamba+Physiotherapy+clinic-Since-2008,+Dr+Venkatratnam+Hospital+Rd,+Subbaraopet,+Tadepalligudem,+Andhra+Pradesh+534101/data=!4m6!4m5!1m1!4e2!1m2!1m1!1s0x3a37b4af0fe559eb:0xb5db5a7e9e1bcea1?sa=X&ved=1t:57443&ictx=111",Physiotherapy,16.816201,81.5262082
Vijay Gastroenterology & Liver Hospital,4.1,"Bhimavaram, Andhra Pradesh",088665 58773,Open 24 hours,,"https://www.google.com/maps/dir//Vijay+Gastroenterology+%26+Liver+Hospital,+7-132,Second+Floor,+Jp+Road,+next+to+Axis+Bank,+Bhimavaram,+Andhra+Pradesh+534202/data=!4m6!4m5!1m1!4e2!1m2!1m1!1s0x3a362d81f7625275:0x2f360c3fc3a64f37?sa=X&ved=1t:57443&ictx=111","Gastroenterology,Liver",16.5659029,81.5349581
Varuna Ayurvedic Hospital,4.9,"Tanuku, Andhra Pradesh",072075 48483,Open,http://www.varunaayurvedichospital.com/,"https://www.google.com/maps/dir//Varuna+Ayurvedic+Hospital,+Narayana+junior+college,+back+street+Stree,+Sthri+Samajam+Rd,+opp.+SRMT(Transport,+Venkatarayapuram,+Tanuku,+Andhra+Pradesh+534211/data=!4m6!4m5!1m1!4e2!1m2!1m1!1s0x3a37b7cbdb9f35af:0xdab9c62bf2952efe?sa=X&ved=1t:57443&ictx=111",Ayurveda,16.7522087,81.6802587
Dr G R Reddy Eye Care Center,4.2,"Tadepalligudem, Andhra Pradesh",094934 68486,Closes soon,http://grreddyeyecarecenter.com/,"https://www.google.com/maps/dir//Dr+G+R+Reddy+Eye+Care+Center,+Ward+30,+Ambedkar+Nagar,+Tadepalligudem,+Andhra+Pradesh+534101/data=!4m6!4m5!1m1!4e2!1m2!1m1!1s0x3a37b4b193a1672f:0xbb8efa165b4ddd4c?sa=X&ved=1t:57443&ictx=111",Eye,16.8180671,81.5221437
Sai Childrens Hospital,3.9,"Eluru, Andhra Pradesh",088122 27327,Open,,"https://www.google.com/maps/dir//P38X%2BCQH+Sai+Childrens+Hospital,+Sankara+Matam+St,+Powerpet,+Eluru,+Andhra+Pradesh+534002/data=!4m6!4m5!1m1!4e2!1m2!1m1!1s0x3a3614ca45e7dca9:0x76c572b21ec8000a?sa=X&ved=1t:57443&ictx=111",Pediatrics,16.7160597,81.0994795
Priya Multi Speciality Hospital,4.2,"Anantapur, Andhra Pradesh",085542 39777,Open 24 hours,,"https://www.google.com/maps/dir//Priya+Multi+Speciality+Hospital,+3rd+cross,+Sai+Nagar,+Anantapur,+Andhra+Pradesh+515001/data=!4m6!4m5!1m1!4e2!1m2!1m1!1s0x3bb14adde4a2dbb9:0xb96b3308eb2a8906?sa=X&ved=1t:57443&ictx=111",Multispeciality,14.6750249,77.6013991
Sri Siddartha Childrens Hospital,2.9,"Nidadavole, Andhra Pradesh",088132 21576,Open,,"https://www.google.com/maps/dir//Sri+Siddartha+Childrens+Hospital,+Ganesh+Chowk,+Nidadavole,+Andhra+Pradesh+534301/data=!4m6!4m5!1m1!4e2!1m2!1m1!1s0x3a37b0156d48aeb5:0x1e56809eda799000?sa=X&ved=1t:57443&ictx=111",Pediatrics,16.9098773,81.6705809
Achanta Government Hospital,4.4,"Achanta, Andhra Pradesh",Not Available,No reviews,,"https://www.google.com/maps/dir//JQ2X%2BPRW+Achanta+Government+Hospital,+Achanta+Main+Road,+Achanta,+Andhra+Pradesh+534269/data=!4m6!4m5!1m1!4e2!1m2!1m1!1s0x3a37c373447b0145:0xa0c3ca659652b6?sa=X&ved=1t:57443&ictx=111",General,16.6018647,81.7995805
Sri Vijaya Nursing Home,3.4,"Tanuku, Andhra Pradesh",Not Available,No reviews,,"https://www.google.com/maps/dir//QM4M%2B38Q+Sri+Vijaya+Nursing+Home,+Venkatarayapuram,+Tanuku,+Andhra+Pradesh+534211/data=!4m6!4m5!1m1!4e2!1m2!1m1!1s0x3a37b7fa648dd263:0x5d0bcfac3f2980b4?sa=X&ved=1t:57443&ictx=111",General,16.7552235,81.683352
Government Area Hospital,4.5,"Narsapur, Andhra Pradesh",Not Available,Open now,,"https://www.google.com/maps/dir//Government+Area+Hospital,+17-1-194%2F9,+Mission+High+School+Rd,+Ap+Housing+Board+Colony,+Rustumbada,+Narsapur,+Andhra+Pradesh+534275/data=!4m6!4m5!1m1!4e2!1m2!1m1!1s0x3a37d7b7b3b1c1b3:0xc884ea4250cfc636?sa=X&ved=1t:57443&ictx=111",General,16.4305164,81.6856354
L V Prasad Eye Hospital,3.4,Andhra Pradesh,Not Available,Closed,,"https://www.google.com/maps/dir//RC8C%2BWG6+L+V+Prasad+Eye+Hospital,+Andhra+Pradesh+534406/data=!4m6!4m5!1m1!4e2!1m2!1m1!1s0x3a364950c15b2565:0x5d2138b5136246a6?sa=X&ved=1t:57443&ictx=111",Eye,15.9128998,79.7399875
St.Joseph's Hospital,5,"Prathipadu, Andhra Pradesh",Not Available,Closed,,"https://www.google.com/maps/dir//65GR%2BJR3+St.Joseph's+Hospital,+Prathipadu,+Andhra+Pradesh+533432/data=!4m6!4m5!1m1!4e2!1m2!1m1!1s0x3a377f6fc7bb7d07:0x5df4d65bd7b30f1b?sa=X&ved=1t:57443&ictx=111",General,17.2294723,82.1917781
Srinivasa Diagnostic Centre & Poly Clinic,4.6,"Tadepalligudem, Andhra Pradesh",098856 79140,Open,,"https://www.google.com/maps/dir//Srinivasa+Diagnostic+Centre+%26+Poly+Clinic,+Vogeti+Vari+St,+Ambedkar+Nagar,+Tadepalligudem,+Andhra+Pradesh+534101/data=!4m6!4m5!1m1!4e2!1m2!1m1!1s0x3a37b52148512fe3:0xdf3cd8ff6a51b2e8?sa=X&ved=1t:57443&ictx=111",Diagnostic,16.8125662,81.5254862
AKIVIDU HOSPITALS,4,"Akividu, Andhra Pradesh",080748 29940,Open 24 hours,,"https://www.google.com/maps/dir//AKIVIDU+HOSPITALS,+Center,+Opp+TVS+showroom+Madivada,+Main+Road,+Akividu,+Andhra+Pradesh+534235/data=!4m6!4m5!1m1!4e2!1m2!1m1!1s0x3a363199015a6d65:0x3acbee559ac8a2dd?sa=X&ved=1t:57443&ictx=111",General,16.5832618,81.3835101
Maatha memorial eye hospital,5,"Tadepalligudem, Andhra Pradesh",Not Available,Open,,"https://www.google.com/maps/dir//RG7H%2B226+Maatha+memorial+eye+hospital,+Baby+centre+road,+Dt,+Tadepalligudem,+Andhra+Pradesh/data=!4m6!4m5!1m1!4e2!1m2!1m1!1s0x3a37b5589dde802d:0x596fe92cf9f203ba?sa=X&ved=1t:57443&ictx=111",Eye,16.8125293,81.5275015
Chagallu Government Hospital,3.5,"Nelaturu, Andhra Pradesh",Not Available,Open,,"https://www.google.com/maps/dir//XMP9%2B623+Chagallu+Government+Hospital,+Narasapuram+-+Nidadavole+Hwy,+Nelaturu,+Andhra+Pradesh+534342/data=!4m6!4m5!1m1!4e2!1m2!1m1!1s0x3a37af0cf1f41825:0x4bcf48f18092443a?sa=X&ved=1t:57443&ictx=111",General,16.9855188,81.6675434
SAI REVATI DENTAL HOSPITAL,5,"Tadepalligudem, Andhra Pradesh",090320 30550,Open,,"https://www.google.com/maps/dir//RG6H%2BJMH+SAI+REVATI+DENTAL+HOSPITAL,+Opp.+NTR+Chowk,+Above+Ice+Magic+Parlour,+Beside+Bommanas+Cloth+Showroom,+Main+Road,+Tadepalligudem,+Andhra+Pradesh+534101/data=!4m6!4m5!1m1!4e2!1m2!1m1!1s0x3a37b4b9abc26057:0x918f2dc46da48467?sa=X&ved=1t:57443&ictx=111",Dental,16.8072523,81.5316033
SRI BALAJI EMERGENCY &MULTI SPECIALTY HOSPITAL,,"Tadepalligudem, Andhra Pradesh",Not Available,No reviews,,"https://www.google.com/maps/dir//SRI+BALAJI+EMERGENCY+%26MULTI+SPECIALTY+HOSPITAL,+kamala+hospital,+Besides,+Subbaraopet,+Tadepalligudem,+Andhra+Pradesh+534101/data=!4m6!4m5!1m1!4e2!1m2!1m1!1s0x3a37b59a4bc0cf61:0x77784d4737e83c8d?sa=X&ved=1t:57443&ictx=111",Emergency,16.8155323,81.5261746
Katragadda Nursing Home,3.7,"Bhimadole, Andhra Pradesh",088292 22280,Open now,,"https://www.google.com/maps/dir//Katragadda+Nursing+Home,+GNT+Road,+Bhimadole,+Andhra+Pradesh+534425/data=!4m6!4m5!1m1!4e2!1m2!1m1!1s0x3a36441c91e30ef1:0xffd3dc2b646ccf09?sa=X&ved=1t:57443&ictx=111",General,16.8253928,81.2648093
Vijay ent hospital,4.4,"Tadepalligudem, Andhra Pradesh",088182 22088,Open,,"https://www.google.com/maps/dir//Vijay+ent+hospital,+Dorala+Street,+kadakatla,+Tadepalligudem,+Andhra+Pradesh+534101/data=!4m6!4m5!1m1!4e2!1m2!1m1!1s0x3a37b5a7ee9c2f61:0xa3683a810c147358?sa=X&ved=1t:57443&ictx=111",ENT,16.8205651,81.5180012
Sri Sudharshan Hospital,2.8,"Tanuku, Andhra Pradesh",Not Available,Open now,,"https://www.google.com/maps/dir//QM4G%2BMCG+Sri+Sudharshan+Hospital,+Sajjapuram,+Tanuku,+Andhra+Pradesh+534211/data=!4m6!4m5!1m1!4e2!1m2!1m1!1s0x3a37b7ef424dd873:0x59c36c7ae83707a4?sa=X&ved=1t:57443&ictx=111",General,16.7566935,81.676081
chittikonda hospital,5,"Prathipadu, Andhra Pradesh",Not Available,Open,,"https://www.google.com/maps/dir//65JV%2B3WH+chittikonda+hospital,+Prathipadu,+Andhra+Pradesh+533432/data=!4m6!4m5!1m1!4e2!1m2!1m1!1s0x3a377e0b1c7a77bb:0xbd3dae4e93087af0?sa=X&ved=1t:57443&ictx=111",General,17.2301767,82.1948704
sri sirisha nursing home,3.2,"Tanuku, Andhra Pradesh",088192 22806,No reviews,,"https://www.google.com/maps/dir//sri+sirisha+nursing+home,+bommala+veedhi,+Bommala+Veedi,+Venkatarayapuram,+Tanuku,+Andhra+Pradesh+534211/data=!4m6!4m5!1m1!4e2!1m2!1m1!1s0x3a37b7faeb40aad1:0xedd24856657c443d?sa=X&ved=1t:57443&ictx=111",General,16.7545099,81.6818315
BIRRD Hospital,4.1,"Tirupati, Andhra Pradesh",073373 18107,Open 24 hours,,"https://www.google.com/maps/dir//BIRRD+Hospital,+SVIMS+Campus,+Nursing+College+Rd,+Tirupati,+Andhra+Pradesh+517507/data=!4m6!4m5!1m1!4e2!1m2!1m1!1s0x3a4d4b1fee45e9bb:0xd61bd28c0ad995fd?sa=X&ved=1t:57443&ictx=111",General,13.6391561,79.4038431
Amar Multispeciality homeo clinic,4.8,"Tadepalligudem, Andhra Pradesh",093930 31954,Open,,"https://www.google.com/maps/dir//Amar+Multispeciality+homeo+clinic,+Karri+Satyavathi+Nagar,+Tadepalligudem,+Andhra+Pradesh+534101/data=!4m6!4m5!1m1!4e2!1m2!1m1!1s0x3a37b4b90574a4a1:0x61e37abf0f35d138?sa=X&ved=1t:57443&ictx=111",Homeopathy,16.8118937,81.5300001
Kims hospital,4.3,"Guntur, Andhra Pradesh",Not Available,Open now,http://www.kimshospitals.com/,"https://www.google.com/maps/dir//7FX4%2BX4X+Kims+hospital,+Kothapeta,+Guntur,+Andhra+Pradesh+522001/data=!4m6!4m5!1m1!4e2!1m2!1m1!1s0x3a4a0ab4b1dc1ed3:0x4342e69fd0e29512?sa=X&ved=1t:57443&ictx=111",General,16.2999962,80.455345
Surya Hospital,3.7,"Akividu, Andhra Pradesh",Not Available,Open,,"https://www.google.com/maps/dir//H9JM%2B5W2+Surya+Hospital,+Akividu,+Andhra+Pradesh+534235/data=!4m6!4m5!1m1!4e2!1m2!1m1!1s0x3a3631ad59981835:0x28c369c035655de2?sa=X&ved=1t:57443&ictx=111",General,16.5803919,81.3847735
Janata Hospital,4.8,"Tanuku, Andhra Pradesh",Not Available,Open now,,"https://www.google.com/maps/dir//QM3J%2BV4J+Janata+Hospital,+Venkatarayapuram,+Tanuku,+Andhra+Pradesh+534211/data=!4m6!4m5!1m1!4e2!1m2!1m1!1s0x3a37b7fab4dbffff:0xdfcac7e1eb685f31?sa=X&ved=1t:57443&ictx=111",General,16.7547213,81.6802695
Hospital,,"Pattennapalem, Andhra Pradesh",094403 25377,No reviews,,"https://www.google.com/maps/dir//57RJ%2BP22+Hospital,+Pattennapalem,+Andhra+Pradesh/data=!4m6!4m5!1m1!4e2!1m2!1m1!1s0x3a36f7e2a8464b1d:0xbeb8e99fecad2d17?sa=X&ved=1t:57443&ictx=111",General,17.1921897,81.2801004
Jeevana Jyothi Hospital,3.2,"Anantapur, Andhra Pradesh",085542 49987,Open 24 hours,,"https://www.google.com/maps/dir//Jeevana+Jyothi+Hospital,+15%2F381,+opposite+to+Rotary+English+Medium+School+Kamalanagar+Anantapur+Andhra+Pradesh+515001+IN,+Kamalanagar,+Anantapur,+Andhra+Pradesh+515001/data=!4m6!4m5!1m1!4e2!1m2!1m1!1s0x3bb14ad94ec6b8a3:0xdae708451f8cbd6?sa=X&ved=1t:57443&ictx=111",General,14.6805525,77.6031125
Shanthi Nursing Home,4.7,"Ganapavaram, Andhra Pradesh",Not Available,Closes soon,,"https://www.google.com/maps/dir//MFX6%2BMPG+Shanthi+Nursing+Home,+Chinaramachandrapuram,+Ganapavaram,+Andhra+Pradesh+534198/data=!4m6!4m5!1m1!4e2!1m2!1m1!1s0x3a3635afe94ca71b:0x352ea38fbcf53c47?sa=X&ved=1t:57443&ictx=111",General,16.6991931,81.4618202
Vijaya Hospitals,3.6,"Eluru, Andhra Pradesh",094594 57666,Closed,,"https://www.google.com/maps/dir//Vijaya+Hospitals,+Sankara+Matam+St,+Powerpet,+Eluru,+Andhra+Pradesh+534006/data=!4m6!4m5!1m1!4e2!1m2!1m1!1s0x3a3614c998e85f83:0x6576a3d121c130d7?sa=X&ved=1t:57443&ictx=111",General,16.7131605,81.0999327
adithya hospital,3.5,"Tanuku, Andhra Pradesh",Not Available,No reviews,,"https://www.google.com/maps/dir//adithya+hospital,+%2F%2F28,,+35%2F25%2F28,+Bommala+Veedi,+Venkatarayapuram,+Tanuku,+Andhra+Pradesh+534211/data=!4m6!4m5!1m1!4e2!1m2!1m1!1s0x3a37b7e564d7563f:0xefdd191c4f364afc?sa=X&ved=1t:57443&ictx=111",General,16.7530179,81.6777027
Government Hospital,3.3,"Razole, Andhra Pradesh",Not Available,Open 24 hours,,"https://www.google.com/maps/dir//Government+Hospital,+Goverment+Hospital+Razol,+Razole,+Andhra+Pradesh+533242/data=!4m6!4m5!1m1!4e2!1m2!1m1!1s0x3a37dddbe86e9107:0xed699a94f47c4ba4?sa=X&ved=1t:57443&ictx=111",General,16.4766647,81.8374841
New Star Hospital,5,"Nidadavole, Andhra Pradesh",088132 24422,Open 24 hours,,"https://www.google.com/maps/dir//WM2F%2BM9R+New+Star+Hospital,+Nidadavole,+Andhra+Pradesh+534301/data=!4m6!4m5!1m1!4e2!1m2!1m1!1s0x3a37b1480470ae53:0xdfe41997feb32774?sa=X&ved=1t:57443&ictx=111",General,16.9017225,81.6734267
Vijaya Hospital,,"Tadepalligudem, Andhra Pradesh",098483 74971,No reviews,,"https://www.google.com/maps/dir//Vijaya+Hospital,+1-31-16,+Indian+Gas+Company+Rd,+Santhi+Nagar,+Housing+Board+Colony,+Tadepalligudem,+Andhra+Pradesh+534101/data=!4m6!4m5!1m1!4e2!1m2!1m1!1s0x3a37b5dad470a037:0x28f742f3523be3ae?sa=X&ved=1t:57443&ictx=111",General,16.8222052,81.5172535
venkata ramana hospital,4.3,"Tanuku, Andhra Pradesh",Not Available,Open now,,"https://www.google.com/maps/dir//QM4F%2BPR5+venkata+ramana+hospital,+Sajjapuram,+Tanuku,+Andhra+Pradesh+534211/data=!4m6!4m5!1m1!4e2!1m2!1m1!1s0x3a37b7e8b36d9445:0x5457ee759a31f7b9?sa=X&ved=1t:57443&ictx=111",General,16.7567701,81.6746055
L V Prasad International eye hospital,3.9,"Akividu, Andhra Pradesh",Not Available,Open 24 hours,http://www.lvpei.org/,"https://www.google.com/maps/dir//H9HC%2B6MC+L+V+Prasad+International+eye+hospital,+PP+Rd,+Akividu,+Andhra+Pradesh+534235/data=!4m6!4m5!1m1!4e2!1m2!1m1!1s0x3a363163937cab95:0x4a0b876f5682fccd?sa=X&ved=1t:57443&ictx=111",Eye,16.5823161,81.378086
Ratna Nursing Home,3.4,"Tanuku, Andhra Pradesh",Not Available,Open now,,"https://www.google.com/maps/dir//QM4G%2BG89+Ratna+Nursing+Home,+Shivalayam+St,+Venkatarayapuram,+Tanuku,+Andhra+Pradesh+534211/data=!4m6!4m5!1m1!4e2!1m2!1m1!1s0x3a37b7ef5c469b97:0x5ef5c6882cadc0be?sa=X&ved=1t:57443&ictx=111",General,16.7562788,81.6758703
Dhanush Multi Speciality Dental Care,5,"Tadepalligudem, Andhra Pradesh",063025 97698,Closes soon,,"https://www.google.com/maps/dir//Dhanush+Multi+Speciality+Dental+Care,+Nandibomma+center,+Inkulu+complex,+opp.+nandibomma+statue,+Tadepalligudem,+Andhra+Pradesh+534101/data=!4m6!4m5!1m1!4e2!1m2!1m1!1s0x3a37b553193cc375:0xe85fa7783a312687?sa=X&ved=1t:57443&ictx=111",Dental,16.8127602,81.5280487
Krishna Balaji Nursing Home,5,"Tadepalligudem, Andhra Pradesh",Not Available,Open now,,"https://www.google.com/maps/dir//RG6G%2BCPH+Krishna+Balaji+Nursing+Home,+Ramarao+Peta,+Tadepalligudem,+Andhra+Pradesh+534101/data=!4m6!4m5!1m1!4e2!1m2!1m1!1s0x3a37b4b82ac2c8b7:0x173b85cfbb1bfc0d?sa=X&ved=1t:57443&ictx=111",General,16.8110635,81.5268544
Amrutha Hospital,4.3,"Nidadavole, Andhra Pradesh",088132 22249,No reviews,,"https://www.google.com/maps/dir//Amrutha+Hospital,+Santhinagar,+Siddhartha+Hospital+Road,+Nidadavole,+Andhra+Pradesh+534301/data=!4m6!4m5!1m1!4e2!1m2!1m1!1s0x3a37b0157a1b51ad:0x1f70b0ef0cc897ae?sa=X&ved=1t:57443&ictx=111",General,16.9096129,81.6712279
"Amma hospitals ,bhimadole",2.3,"Bhimadole, Andhra Pradesh",099592 35299,Open now,,"https://www.google.com/maps/dir//Amma+hospitals+,bhimadole,+Rajahmundry+Road,+opposite+to+Govt+Hospital,+Bhimadole,+Andhra+Pradesh+534425/data=!4m6!4m5!1m1!4e2!1m2!1m1!1s0x3a3646a62bb87ae3:0xc4a0755cfd7ae88f?sa=X&ved=1t:57443&ictx=111",General,16.8177824,81.2632534
Smt.Rajeswari Ramakrishnan Lions Eye Hospital,3.7,"Nidadavole, Andhra Pradesh",088132 22000,Closed,,"https://www.google.com/maps/dir//Smt.Rajeswari+Ramakrishnan+Lions+Eye+Hospital,+2nd+St,+Nidadavole,+Andhra+Pradesh+534301/data=!4m6!4m5!1m1!4e2!1m2!1m1!1s0x3a37b06cd159e371:0x9e69ce252cd5c617?sa=X&ved=1t:57443&ictx=111",Eye,16.8936868,81.6679368
ESI Dispensary,4.5,"Nidadavole, Andhra Pradesh",1800 11 2526,No reviews,http://esic.nic.in/,"https://www.google.com/maps/dir//WM2G%2B32V+ESI+Dispensary,+Nidadavole,+Andhra+Pradesh+534301/data=!4m6!4m5!1m1!4e2!1m2!1m1!1s0x3a37b06ecc077863:0xd218dbed6971cf87?sa=X&ved=1t:57443&ictx=111",General,16.9002476,81.6750398
Sree Sarada Nursing Home,3.7,"Vijayawada, Andhra Pradesh",0866 243 3040,No reviews,,"https://www.google.com/maps/dir//Sree+Sarada+Nursing+Home,+29-9-60%2F1,+near+Metropolis+Healthcare+Ltd,+Suryaraopeta,+Vijayawada,+Andhra+Pradesh+520002/data=!4m6!4m5!1m1!4e2!1m2!1m1!1s0x3a35fab1403de667:0xdc53145d249b8b4b?sa=X&ved=1t:57443&ictx=111",General,16.5132022,80.6334211
Government Hospital,3.1,"Ganapavaram, Andhra Pradesh",Not Available,Closed,,"https://www.google.com/maps/dir//Government+Hospital,+Primary+Health+Center,+Ganapavaram,+Andhra+Pradesh+534198/data=!4m6!4m5!1m1!4e2!1m2!1m1!1s0x3a36351b27a2247b:0xcecbf78dbc05b204?sa=X&ved=1t:57443&ictx=111",General,16.7005162,81.4605202
Vijaya Hospitals,3.8,"Kaikaluru, Andhra Pradesh",Not Available,Open now,,"https://www.google.com/maps/dir//Vijaya+Hospitals,+Kaikaluru,+Andhra+Pradesh+521333/data=!4m6!4m5!1m1!4e2!1m2!1m1!1s0x3a363dcdce8d38c9:0xece367e430efb0c9?sa=X&ved=1t:57443&ictx=111",General,16.557636,81.2202867
Jhansi Eye Care Hospital,5,"Tanuku, Andhra Pradesh",090146 83454,Open,,"https://www.google.com/maps/dir//Jhansi+Eye+Care+Hospital,+Suryalayam+St,+VEEDHI,+Tanuku,+Andhra+Pradesh+534211/data=!4m6!4m5!1m1!4e2!1m2!1m1!1s0x3a37b7afbced8d23:0x2a6a2ec785185872?sa=X&ved=1t:57443&ictx=111",Eye,16.7534265,81.6824414
Satya Nursing Home,3.4,"Tadepalligudem, Andhra Pradesh",099645 39095,Closed,,"https://www.google.com/maps/dir//Satya+Nursing+Home,+33rd+Ward,+3-2-5%2FA,+opp.+Bashyam+School+St,+Tadepalligudem,+Andhra+Pradesh+534101/data=!4m6!4m5!1m1!4e2!1m2!1m1!1s0x3a37b4b3ffffffff:0x3a75dba02b467e11?sa=X&ved=1t:57443&ictx=111",General,16.8072523,81.5316033
Visakha Eye Hospital,3.5,"Visakhapatnam, Andhra Pradesh",077992 22251,Open,https://visakhaeye.com/,"https://www.google.com/maps/dir//Visakha+Eye+Hospital,+8-1-64,+Pedda+Waltair,+Visakhapatnam,+Andhra+Pradesh+530017/data=!4m6!4m5!1m1!4e2!1m2!1m1!1s0x3a394359c01bf93d:0xf7675ec025f60fee?sa=X&ved=1t:57443&ictx=111",Eye,17.7321291,83.3322617
VIJAYA KRISHNA HOSPITALS Superspeciality Laparoscopy Endoscopy and Surgical Centre,5,"Akividu, Andhra Pradesh",083319 99399,Open 24 hours,,"https://www.google.com/maps/dir//VIJAYA+KRISHNA+HOSPITALS+Superspeciality+Laparoscopy+Endoscopy+and+Surgical+Centre,+Main+road,+S+turning,+Akividu,+Andhra+Pradesh+534235/data=!4m6!4m5!1m1!4e2!1m2!1m1!1s0x3a36311d042e7a9d:0x871400f121881c99?sa=X&ved=1t:57443&ictx=111",Multispeciality,16.5820863,81.3772187
Saradhi Hospitals,5,"Rajamahendravaram, Andhra Pradesh",Not Available,No reviews,,"https://www.google.com/maps/dir//No+75-4,+Saradhi+Hospitals,+23,+Round+Park+Rd,+Danavai+Peta,+Rajamahendravaram,+Andhra+Pradesh+533103/data=!4m6!4m5!1m1!4e2!1m2!1m1!1s0x3a37a3f4d88d324d:0x4b770c6373023e72?sa=X&ved=1t:57443&ictx=111",General,17.0069081,81.7814516
Sri satya sai free homoeo health center,5,"Tadepalligudem, Andhra Pradesh",Not Available,Open,,"https://www.google.com/maps/dir//RG6H%2B8WJ+Sri+satya+sai+free+homoeo+health+center,+Ramarao+Peta,+Tadepalligudem,+Andhra+Pradesh+534101/data=!4m6!4m5!1m1!4e2!1m2!1m1!1s0x3a37b5abd73facb1:0x4bfb042adca956e5?sa=X&ved=1t:57443&ictx=111",Homeopathy,16.8108282,81.529771
Padma Nursing Home,5,"Nidadavole, Andhra Pradesh",Not Available,Open,,"https://www.google.com/maps/dir//Padma+Nursing+Home,+opp.+Radha+Krishna+Theatre,+Nidadavole,+Andhra+Pradesh+534301/data=!4m6!4m5!1m1!4e2!1m2!1m1!1s0x3a37b068353aed7b:0x175206803e691cd7?sa=X&ved=1t:57443&ictx=111",General,16.8989958,81.6705074
Laxmi Arundhathi Hospitals Tanuku,3.8,"Tanuku, Andhra Pradesh",073828 31333,No reviews,,"https://www.google.com/maps/dir//Laxmi+Arundhathi+Hospitals+Tanuku,+Rastrapathi+Rd,+Sajjapuram,+Tanuku,+Andhra+Pradesh+534211/data=!4m6!4m5!1m1!4e2!1m2!1m1!1s0x3a37b7ef66f04535:0xb950e2297761225f?sa=X&ved=1t:57443&ictx=111",General,16.7563264,81.6763584
Chaitanya Diagnostic center,3.9,"Tadepalligudem, Andhra Pradesh",Not Available,Open 24 hours,,"https://www.google.com/maps/dir//Chaitanya+Diagnostic+center,+KN+Rd,+Ambedkar+Nagar,+Tadepalligudem,+Andhra+Pradesh+534101/data=!4m6!4m5!1m1!4e2!1m2!1m1!1s0x3a37b58aef6f094b:0x9994e22ca51fbbd4?sa=X&ved=1t:57443&ictx=111",Diagnostic,16.8166385,81.5231454
Primary Health Centre,3,"Ganapavaram, Andhra Pradesh",Not Available,Open 24 hours,,"https://www.google.com/maps/dir//Primary+Health+Centre,+West+Godavari,+SH-112,+Ganapavaram+Pippara+Road,+Ganapavaram+Main+Road,+Ganapavaram,+Ganapavaram,+Andhra+Pradesh+534198/data=!4m6!4m5!1m1!4e2!1m2!1m1!1s0x3a3635a53d7ac239:0x309ce87b56194121?sa=X&ved=1t:57443&ictx=111",General,16.7005163,81.4604999
Hospital,,"Sajjavaripalem, Andhra Pradesh",Not Available,No reviews,,"https://www.google.com/maps/dir//2Q4V%2B2FW+Hospital,+Sajjavaripalem,+Andhra+Pradesh/data=!4m6!4m5!1m1!4e2!1m2!1m1!1s0x3a4a1f89b684d92f:0x645088d5eba2fd2e?sa=X&ved=1t:57443&ictx=111",General,16.0080289,80.7969415
Sunrise hospital and anusha dental clinic,5,"Ganapavaram, Andhra Pradesh",Not Available,Closed,,"https://www.google.com/maps/dir//Sunrise+hospital+and+anusha+dental+clinic,+kotayya+street,+near+canara+bank,+Ganapavaram,+Andhra+Pradesh+534198/data=!4m6!4m5!1m1!4e2!1m2!1m1!1s0x3a3635506f8612b5:0xb2e46bd1a7b3c4b8?sa=X&ved=1t:57443&ictx=111",Dental,16.7000121,81.4620262
Sai Krishna ENT Hospital,4.5,"Vijayawada, Andhra Pradesh",0866 243 6799,Closes soon,,"https://www.google.com/maps/dir//Sai+Krishna+ENT+Hospital,+Shop+No.+29-12-36+Venkataratnam+Street,+Nakkala+Rd,+Suryaraopeta,+Governor+Peta,+Vijayawada,+Andhra+Pradesh+520002/data=!4m6!4m5!1m1!4e2!1m2!1m1!1s0x3a35fab1403de667:0x590cb151efe85c9b?sa=X&ved=1t:57443&ictx=111",ENT,16.511899,80.6338337
Laxmi clinic,4,"Tadepalligudem, Andhra Pradesh",091541 93108,Open,,"https://www.google.com/maps/dir//Laxmi+clinic,+Ambedkar+Nagar,+Tadepalligudem,+Andhra+Pradesh+534101/data=!4m6!4m5!1m1!4e2!1m2!1m1!1s0x3a37b591fa623403:0x2d15c91ae39f38af?sa=X&ved=1t:57443&ictx=111",General,16.8183796,81.5224232
Nuthakki sujatha hospital,4.7,"Guntur, Andhra Pradesh",Not Available,No reviews,,"https://www.google.com/maps/dir//7FX4%2B568+Nuthakki+sujatha+hospital,+8th+Ln,+near+Amrutasri+hotel,+Gunturvari+Thota,+Line,+Guntur,+Andhra+Pradesh+522001/data=!4m6!4m5!1m1!4e2!1m2!1m1!1s0x3a4a0b206e7ab81f:0x9a358e0a600c3e6a?sa=X&ved=1t:57443&ictx=111",General,16.2979071,80.4555697
"Veterinary Hospital, Bhimadole",4,Andhra Pradesh,Not Available,No reviews,,"https://www.google.com/maps/dir//R75F%2BJM4+Veterinary+Hospital,+Bhimadole,+Andhra+Pradesh+534425/data=!4m6!4m5!1m1!4e2!1m2!1m1!1s0x3a364697fea4432d:0x615c3501cf107d65?sa=X&ved=1t:57443&ictx=111",Veterinary,16.8090091,81.274193
STAR Homeopathy | Best Homeopathy Clinic | Rajahmundry,4.7,"Rajamahendravaram, Andhra Pradesh",092430 33888,Closes 8 pm,https://www.googleadservices.com/pagead/aclk?sa=L&ai=DChcSEwjP_MH-_6GJAxX-wjwCHRhlNu4YABAAGgJzZg&co=1&ase=2&gclid=Cj0KCQjwmt24BhDPARIsAJFYKk3dczer3hDLKAHkOIlgDM14ebyZ1uNXCeppAJUr06NfztDjtxgQnP8aAhwtEALw_wcB&ohost=www.google.com&cid=CAESVeD22tt-I2jsE3H0p0FxQhOHBLgcg0cKNX8NXd6KRrVOGb5oMlkt40p-Y9Ez2PA-r8gWKOoblKh1GBWPnoQSKXKIezc9yFNaaobc0KJGeyncg0kugCA&sig=AOD64_3fMmYIRoenFpRQOGj-6wbTiv0Xqw&q=&nis=4&ctype=99&ved=2ahUKEwi1obD-_6GJAxUlV2wGHXe1Ot843AEQhKwBegQILhAO&adurl=,https://www.googleadservices.com/pagead/aclk?sa=L&ai=DChcSEwjP_MH-_6GJAxX-wjwCHRhlNu4YABABGgJzZg&co=1&ase=2&gclid=Cj0KCQjwmt24BhDPARIsAJFYKk2DRFetn6gbnWMEQqQTqd3Ic9_pygzNURhO2l8qsG2VgAk8T3NGJsYaAva0EALw_wcB&ohost=www.google.com&cid=CAESVeD22tt-I2jsE3H0p0FxQhOHBLgcg0cKNX8NXd6KRrVOGb5oMlkt40p-Y9Ez2PA-r8gWKOoblKh1GBWPnoQSKXKIezc9yFNaaobc0KJGeyncg0kugCA&sig=AOD64_33IRBHThD5VX_He3BZMHlrtAsRgA&adurl=&ctype=50&q=,Homeopathy,17.0080546,81.7947012
Anjali children Hospital,3.8,"Ganapavaram, Andhra Pradesh",Not Available,Open now,,"https://www.google.com/maps/dir//Anjali+children+Hospital,+5-4%2F5,+Ramalayam+Street,+Chinaramachandrapuram,+Ganapavaram,+Andhra+Pradesh+534198/data=!4m6!4m5!1m1!4e2!1m2!1m1!1s0x3a3635a54a77fa45:0xff45dad348ea44d4?sa=X&ved=1t:57443&ictx=111",Pediatrics,16.7016645,81.4609933
ESI Hospital,3.7,"Pedakakani, Andhra Pradesh",1800 11 2526,Closed,http://esic.nic.in/,"https://www.google.com/maps/dir//ESI+Hospital,+Service+Road,+Pedakakani,+Andhra+Pradesh+522509/data=!4m6!4m5!1m1!4e2!1m2!1m1!1s0x3a35f571f0a4050f:0x39d80bbac7dee557?sa=X&ved=1t:57443&ictx=111",General,16.3370173,80.4891359
Satya Ram Health Clinic,,"Pentapadu, Andhra Pradesh",Not Available,No reviews,,"https://www.google.com/maps/dir//QGMG%2BG8W+Satya+Ram+Health+Clinic,+Pentapadu,+Andhra+Pradesh+534166/data=!4m6!4m5!1m1!4e2!1m2!1m1!1s0x3a37b528111cc7bb:0x11cfe25eaf151de7?sa=X&ved=1t:57443&ictx=111",General,16.78385,81.5258248
Sri Laxmi Priya Multi Speciality Dental Clinic,4.8,"Dwaraka Tirumala, Andhra Pradesh",088292 22308,Closed,,"https://www.google.com/maps/dir//Sri+Laxmi+Priya+Multi+Speciality+Dental+Clinic,+Nagulapalli,+West+Godavari,+NH-5,+Eluru+Rajamundry+Road,+Dwaraka+Tirumala,+Dwaraka+Tirumala,+Andhra+Pradesh+534426/data=!4m6!4m5!1m1!4e2!1m2!1m1!1s0x3a36441ce5eaa563:0x7b201de078657f91?sa=X&ved=1t:57443&ictx=111",Dental,16.8242,81.2647
Saibaba clinic tadepalli gudem,5,"Tadepalligudem, Andhra Pradesh",097044 51463,No reviews,,"https://www.google.com/maps/dir//Saibaba+clinic+tadepalli+gudem,+Pureti+Vari+Street,+Sheshamahal+Rd,+Subbaraopet,+Tadepalligudem,+Andhra+Pradesh+534101/data=!4m6!4m5!1m1!4e2!1m2!1m1!1s0x3a37b59e52a78a1b:0xaf2d1bbf43ad4291?sa=X&ved=1t:57443&ictx=111",General,16.8147271,81.5302986
"Government Hospital , Bodevandlapalli",5,"Venkataramarajupuram, Andhra Pradesh",Not Available,No reviews,,"https://www.google.com/maps/dir//Q4R3%2B36+Government+Hospital+,+Bodevandlapalli,+Venkataramarajupuram,+Andhra+Pradesh/data=!4m6!4m5!1m1!4e2!1m2!1m1!1s0x3bb2c30011f6618f:0x939900ccd51b08f1?sa=X&ved=1t:57443&ictx=111",General,13.7883664,79.1051021
Sri Padma Sai Medical & General Stores,5,"Tadepalligudem, Andhra Pradesh",Not Available,Open,,"https://www.google.com/maps/dir//Sri+Padma+Sai+Medical+%26+General+Stores,+MORE+Road+Narayana+school,+opp.+Tadepalligudem,+Tadepalligudem,+Andhra+Pradesh+534101/data=!4m6!4m5!1m1!4e2!1m2!1m1!1s0x3a37b5225b07cc5b:0x8545f6f0827ea9af?sa=X&ved=1t:57443&ictx=111",General,16.8137875,81.5238994
Puneeth Eye clinic & opticals,5,"Nidadavole, Andhra Pradesh",078931 72212,Open,,"https://www.google.com/maps/dir//Puneeth+Eye+clinic+%26+opticals,+Pati+Meeda,+Santhi+Nagar+Back+Side+Vinayaka+Temple,+Nidadavole,+Andhra+Pradesh+534301/data=!4m6!4m5!1m1!4e2!1m2!1m1!1s0x3a37b1fc4eb516fd:0xfb48257d59ccffcf?sa=X&ved=1t:57443&ictx=111",Eye,17.3530532,82.6873309
Venkat Dental And Diabatec Clinic,5,"Tadepalligudem, Andhra Pradesh",Not Available,Open,,"https://www.google.com/maps/dir//RG8J%2B7J7+Venkat+Dental+And+Diabatec+Clinic,+Karri+Satyavathi+Nagar,+Tadepalligudem,+Andhra+Pradesh+534101/data=!4m6!4m5!1m1!4e2!1m2!1m1!1s0x3a37b4bbed5b6323:0x15b06c403420d908?sa=X&ved=1t:57443&ictx=111","Dental,Diabetology",16.815654,81.5315458
Dr.Venkatratnam Hospital,,"Pothavaram, Andhra Pradesh",Not Available,No reviews,,"https://www.google.com/maps/dir//2C97%2BH4W+Dr.Venkatratnam+Hospital,+Unnamed+Road,+Pothavaram,+Andhra+Pradesh+534176/data=!4m6!4m5!1m1!4e2!1m2!1m1!1s0x3a3656b3465e4e87:0x783c5b101a7f9c55?sa=X&ved=1t:57443&ictx=111",General,17.0189914,81.4128238
Sai priya ortho and speciality hospital,,"Tadepalligudem, Andhra Pradesh",Not Available,No reviews,,"https://www.google.com/maps/dir//RG8G%2BJ54+Sai+priya+ortho+and+speciality+hospital,+Prasad+Hospital+Road,+opposite+srisri+dental,+Subbaraopet,+Tadepalligudem,+Andhra+Pradesh+534101/data=!4m6!4m5!1m1!4e2!1m2!1m1!1s0x3a37b57d566b9ed9:0x885119fe87ea8d05?sa=X&ved=1t:57443&ictx=111","Orthopaedics,Multispeciality",16.8165038,81.5254557
Sriram Positive Homeopathy Stores,4.8,"Bhimadole, Andhra Pradesh",Not Available,Closed,,"https://www.google.com/maps/dir//Sriram+Positive+Homeopathy+Stores,+Unnamed+Road,+Bhimadole,+Andhra+Pradesh+534425/data=!4m6!4m5!1m1!4e2!1m2!1m1!1s0x3a36440312709349:0xfd398cdc6f5cf5bb?sa=X&ved=1t:57443&ictx=111",Homeopathy,16.824673,81.2608584
VIKRAM Advanced DENTAL And MEDICAL CLINICS,4.8,"Tanuku, Andhra Pradesh",091332 50123,Open,http://dravvikram.wix.com/vikramdentalclinics,"https://www.google.com/maps/dir//VIKRAM+Advanced+DENTAL+And+MEDICAL+CLINICS,+31-8-7,+kalidhindi+street,+behind+Surya+Nursing+Home,+Tanuku,+Andhra+Pradesh+534211/data=!4m6!4m5!1m1!4e2!1m2!1m1!1s0x3a37b7faf1172c37:0xa2c6c97de96ad857?sa=X&ved=1t:57443&ictx=111",Dental,16.7514908,81.685489
PHC Pedakapavaram,4.7,"Pedakapavaram, Andhra Pradesh",Not Available,No reviews,,"https://www.google.com/maps/dir//JCWC%2BWJ5+PHC+Pedakapavaram,+Akiveedu+mandal,+ANDHRAPRADESH,+Pedakapavaram,+Andhra+Pradesh/data=!4m6!4m5!1m1!4e2!1m2!1m1!1s0x3a3636aeb830ef67:0x8e2f9dbbe63a5061?sa=X&ved=1t:57443&ictx=111",General,16.6472735,81.4215964
Dr.Ram Prasad Health Clinic,5,"M.S Palli, Andhra Pradesh",Not Available,Open 24 hours,,"https://www.google.com/maps/dir//Dr.Ram+Prasad+Health+Clinic,+Hanuman+Jxn,+Main+Rd,+M.S+Palli,+Andhra+Pradesh+532291/data=!4m6!4m5!1m1!4e2!1m2!1m1!1s0x3a3d130de9cd53e1:0x39ca978056c4e3e3?sa=X&ved=1t:57443&ictx=111",General,18.9998871,84.5707113
RAJ DENTAL HOSPITAL BHIMADOLE,5,"Bhimadole, Andhra Pradesh",083099 18706,Open,,"https://www.google.com/maps/dir//RAJ+DENTAL+HOSPITAL+BHIMADOLE,+Golli+Rama+Rao+(GRR)+Towers,+above+Apollo+pharmacy,+Bhimadole,+Andhra+Pradesh+534425/data=!4m6!4m5!1m1!4e2!1m2!1m1!1s0x3a3645884136f62f:0xfdf9090d9710650?sa=X&ved=1t:57443&ictx=111",Dental,16.8221249,81.2625979
Sri Venkateswara Institute Of Research And Rehabilitation For The Disabled,5,"Kommugudem, Andhra Pradesh",Not Available,No reviews,,"https://www.google.com/maps/dir//W7J2%2BP7Q+Sri+Venkateswara+Institute+Of+Research+And+Rehabilitation+For+The+Disabled,+Kommugudem,+Andhra+Pradesh/data=!4m6!4m5!1m1!4e2!1m2!1m1!1s0x3a365ca0b7690a47:0xd3e7af4557065ef2?sa=X&ved=1t:57443&ictx=111",Disabled,16.9318375,81.2507429
Stanley eye hospital,3,"Akividu, Andhra Pradesh",094404 25054,Open now,https://www.manaakividuinfo.com/2017/07/stanley-eye-hospital.html,"https://www.google.com/maps/dir//H9JC%2BQX5+Stanley+eye+hospital,+Akividu,+Andhra+Pradesh+534235/data=!4m6!4m5!1m1!4e2!1m2!1m1!1s0x3a36305a84dd6a11:0x21ec4a16b6feda2a?sa=X&ved=1t:57443&ictx=111",Eye,16.5818804,81.3724913
Sri babu nursing home(ENT),,"Tadepalligudem, Andhra Pradesh",Not Available,No reviews,,"https://www.google.com/maps/dir//RG8J%2BV5C+Sri+babu+nursing+home(ENT),+Karri+Satyavathi+Nagar,+Tadepalligudem,+Andhra+Pradesh+534101/data=!4m6!4m5!1m1!4e2!1m2!1m1!1s0x3a37b5e610881865:0x6feae96c5a733114?sa=X&ved=1t:57443&ictx=111",ENT,16.8171887,81.5303792
Markendya hospital,,"Makavarapalem, Andhra Pradesh",Not Available,No reviews,,"https://www.google.com/maps/dir//JP9C%2BFHF+Markendya+hospital,+SH+159,+Makavarapalem,+Andhra+Pradesh+531113/data=!4m6!4m5!1m1!4e2!1m2!1m1!1s0x3a3997eb870f3c13:0x146a8fb07996429f?sa=X&ved=1t:57443&ictx=111",General,17.6186826,82.7214212
Hospital,,"Bendapudi, Andhra Pradesh",Not Available,No reviews,,"https://www.google.com/maps/dir//797G%2B7WV+Hospital,+Bendapudi,+Andhra+Pradesh+533406/data=!4m6!4m5!1m1!4e2!1m2!1m1!1s0x3a39d1e805bfffff:0xe904fdcf911ed5b0?sa=X&ved=1t:57443&ictx=111",General,17.2653136,82.3763778
Suraksha clinic,,"Ganapavaram, Andhra Pradesh",Not Available,No reviews,,"https://www.google.com/maps/dir//MFX6%2BC9Q+Suraksha+clinic,+Chebrolu+Undi+Rd,+Chinaramachandrapuram,+Ganapavaram,+Andhra+Pradesh+534198/data=!4m6!4m5!1m1!4e2!1m2!1m1!1s0x3a3635d2dc013743:0x7aa18e343f3667c?sa=X&ved=1t:57443&ictx=111",General,16.6987394,81.4609338
Anil Neuro & Trauma Centre - Neurologist and Neurosurgeon in Vijayawada,4.7,"Vijayawada, Andhra Pradesh",098855 85777,Open 24 hours,https://www.anilneuroandtraumacentre.com/,"https://www.google.com/maps/dir//Anil+Neuro+%26+Trauma+Centre+-+Neurologist+and+Neurosurgeon+in+Vijayawada,+signal,+Eluru+Rd,+Chuttugunta,+Signal,+Vijayawada,+Andhra+Pradesh+520004/data=!4m6!4m5!1m1!4e2!1m2!1m1!1s0x3a35e580b589d57d:0xf23246bc84986b71?sa=X&ved=1t:57443&ictx=111",Neurology,16.5168572,80.642445
BALAJI DENTAL CLINIC,,"Bhimadole, Andhra Pradesh",Not Available,No reviews,,"https://www.google.com/maps/dir//BALAJI+DENTAL+CLINIC,+W-G-DT,+Behind+MRF+TYRES+Showroom,+Bhimadole+-+Dwaraka+Tirumala+Rd,+Bhimadole,+Andhra+Pradesh+534425/data=!4m6!4m5!1m1!4e2!1m2!1m1!1s0x3a36451e7b4797c5:0x62d22e64f0705b5?sa=X&ved=1t:57443&ictx=111",Dental,16.8226249,81.2618347
Usha Kiran Skin & Children’s Clinic,5,"Tadepalligudem, Andhra Pradesh",Not Available,Open now,,"https://www.google.com/maps/dir//Usha+Kiran+Skin+%26+Children%E2%80%99s+Clinic,+4-10-1,+Sheshamahal+Rd,+Tadepalligudem,+Andhra+Pradesh+534101/data=!4m6!4m5!1m1!4e2!1m2!1m1!1s0x3a37b500092f59c3:0x2ac726329064d6c4?sa=X&ved=1t:57443&ictx=111","Dermatology,Pediatrics",16.8128051,81.5296323
Hospital,,"Rampuram, Andhra Pradesh",Not Available,No reviews,,"https://www.google.com/maps/dir//R56J%2B3G5+Hospital,+Rampuram,+Andhra+Pradesh+531173/data=!4m6!4m5!1m1!4e2!1m2!1m1!1s0x3a396695fb7f449f:0x52fe693e5fa4fef7?sa=X&ved=1t:57443&ictx=111",General,17.8100818,83.1816115
SARALA HOMEOPATHIC HOSPITAL,4.3,"Punganur, Andhra Pradesh",085812 53345,Open,http://saralanh.blogspot.in/,"https://www.google.com/maps/dir//9H8C%2BVG3+SARALA+HOMEOPATHIC+HOSPITAL,+NH219,+Punganur,+Andhra+Pradesh+517247/data=!4m6!4m5!1m1!4e2!1m2!1m1!1s0x3bb27eadd26b691b:0x906ff42d0e301d66?sa=X&ved=1t:57443&ictx=111",Homeopathy,13.3671254,78.5712992
Balakrishna physiotherapy clinic,5,"Undi, Andhra Pradesh",Not Available,Open now,,"https://www.google.com/maps/dir//Balakrishna+physiotherapy+clinic,+Bala+krishna+physiotherapy+clinic,+Undi,+Andhra+Pradesh+534199/data=!4m6!4m5!1m1!4e2!1m2!1m1!1s0x3a363341952e2613:0x17ba3c1713fd6d60?sa=X&ved=1t:57443&ictx=111",Physiotherapy,16.5846613,81.4634256
DR MURALI FIRST AID CLINIC,5,"Bhimadole, Andhra Pradesh",Not Available,Open now,,"https://www.google.com/maps/dir//R7C7%2BMFM+DR+MURALI+FIRST+AID+CLINIC,+Bhimadole,+Andhra+Pradesh+534425/data=!4m6!4m5!1m1!4e2!1m2!1m1!1s0x3a36441d460a0275:0xff8292e56bb75dd2?sa=X&ved=1t:57443&ictx=111",General,16.8217062,81.2636577
manipal hospitals dwaraka pvt ltd,,Andhra Pradesh,Not Available,No reviews,,"https://www.google.com/maps/dir//manipal+hospitals+dwaraka+pvt+ltd,+sowmya+nagar+nh5,+near+Kanakadurga+Varadhi,+Tadepalle,+Andhra+Pradesh+522501/data=!4m6!4m5!1m1!4e2!1m2!1m1!1s0x3a35f18c9a3615bf:0x2cf1fe8dbbe1295b?sa=X&ved=1t:57443&ictx=111",General,16.4786269,80.6171495